country_code,country,year,population,population_grow,population_under_14,population_above_65,gdp,gdp_growth_rate,unemployment,education_gov_expenditure,health_expenditure,life_expectancy_fem,life_expectancy_male,non_commun_disease_death,commun_disease_death,tuberculosis,hiv,infant_mortality,undernourishment,hospital_beds,physicians
ARE,United Arab Emirates (the),2005,4588225.0,12.02,18.34,0.89,182978,4.9,3.1,,2.3,76.82,74.6,,,2.6,,9.0,4.1,2.2,1.5
ARE,United Arab Emirates (the),2010,8549988.0,7.69,13.16,0.69,289787,1.6,3.7,,3.9,77.77,75.62,70.4,7.5,1.8,,7.7,5.9,1.9,1.5
ARE,United Arab Emirates (the),2019,9630959.0,1.5,14.6,1.09,382575,0.8,1.7,,3.5,79.16,77.13,,,1.0,,6.5,,,2.4
AFG,Afghanistan,2005,25654277.0,3.68,47.86,2.23,6622,9.9,8.5,,9.9,59.63,57.04,,,189.0,0.1,84.6,33.2,0.4,0.2
AFG,Afghanistan,2010,29185507.0,2.75,48.18,2.33,16078,3.2,7.8,3.5,8.6,62.46,59.68,39.2,50.2,189.0,0.1,72.2,22.1,0.4,0.2
AFG,Afghanistan,2019,37172386.0,2.38,43.09,2.58,21993,2.5,8.8,3.9,10.2,66.03,63.05,,,189.0,0.1,60.1,,,0.3
ATG,Antigua and Barbuda,2005,81465.0,1.4,26.51,6.98,1022,6.4,8.4,3.4,4.5,76.34,73.58,,,8.5,,11.5,,2.4,
ATG,Antigua and Barbuda,2010,88028.0,1.47,24.34,7.36,1152,-7.2,,2.5,5.4,77.12,74.44,79.1,13.2,9.1,,9.0,,2.2,1.6
ATG,Antigua and Barbuda,2019,96286.0,0.9,22.08,8.8,1510,3.0,,,4.3,77.98,75.72,,,6.0,,6.8,,,2.8
ALB,Albania,2005,3011487.0,-0.51,26.5,8.5,8052,5.5,17.5,3.2,6.3,78.17,72.71,,,19.0,,21.2,10.9,3.1,
ALB,Albania,2010,2913021.0,-0.5,22.46,10.65,11927,3.7,14.2,3.3,5.0,79.3,74.14,91.3,3.3,17.0,,16.8,7.4,3.0,1.2
ALB,Albania,2019,2866376.0,-0.25,17.67,13.74,13039,3.8,15.1,4.0,6.7,80.17,76.82,,,18.0,,9.2,,,1.2
ARM,Armenia,2005,2981269.0,-0.65,21.46,11.9,5226,13.9,16.1,2.7,7.0,75.64,69.31,,,92.0,0.1,27.1,7.8,4.5,
ARM,Armenia,2010,2877319.0,-0.37,19.46,10.99,9875,2.2,19.0,3.2,5.3,76.38,69.99,91.8,4.2,61.0,0.2,21.0,5.5,3.7,2.8
ARM,Armenia,2019,2951776.0,0.24,20.63,11.25,11537,7.5,18.4,2.8,9.9,78.35,71.22,,,31.0,0.2,13.2,,,2.9
AGO,Angola,2005,19433602.0,3.54,46.88,2.53,36971,15.0,21.4,2.8,3.7,52.61,47.89,,,368.0,1.4,128.8,54.8,0.8,0.1
AGO,Angola,2010,23356246.0,3.67,47.04,2.36,83799,4.9,9.9,3.5,2.7,58.03,52.85,23.2,68.7,384.0,1.7,104.2,40.4,,0.1
AGO,Angola,2019,30809762.0,3.28,46.81,2.22,126506,-2.5,8.9,,2.9,63.67,58.06,,,355.0,2.0,78.2,,,0.2
ARG,Argentina,2005,38892931.0,1.04,27.28,9.89,200622,8.9,11.5,3.9,7.6,77.83,71.01,,,31.0,0.3,16.7,4.7,4.0,3.2
ARG,Argentina,2010,40788453.0,0.75,26.04,10.2,426487,10.1,7.7,5.0,8.6,78.65,71.84,79.9,14.1,21.0,0.4,14.2,4.0,4.5,
ARG,Argentina,2019,44494502.0,1.02,24.76,11.12,637486,2.9,7.9,5.6,7.5,79.86,73.08,,,27.0,0.4,12.1,,,4
AUT,Austria,2005,8227829.0,0.68,15.97,16.2,315967,2.2,5.6,5.2,9.6,82.2,76.6,,,13.0,,4.5,2.5,7.7,
AUT,Austria,2010,8363404.0,0.24,14.72,17.8,391893,1.8,4.8,5.7,10.2,83.5,77.8,92.1,2.4,9.1,,3.8,2.5,7.7,4.8
AUT,Austria,2019,8840521.0,0.49,14.3,19.0,416836,2.6,5.4,5.5,10.4,84.0,79.4,,,7.1,,3.3,,,5.1
AUS,Australia,2005,20394800.0,1.32,19.81,12.87,760397,2.8,5.0,4.9,8.0,83.3,78.5,,,6.0,0.1,4.9,2.5,4.0,2.5
AUS,Australia,2010,22031750.0,1.56,19.03,13.38,1297259,2.5,5.2,5.6,8.4,84.0,79.5,90.4,3.9,6.5,0.1,4.4,2.5,3.9,3.3
AUS,Australia,2019,24982688.0,1.54,19.19,15.66,1408676,2.9,5.5,5.3,9.3,84.9,80.7,,,6.6,0.1,3.6,,,3.6
ABW,Aruba,2005,100031.0,1.3,21.47,8.59,2331,1.2,6.9,4.7,,76.7,71.82,,,8.6,,17.8,,,
ABW,Aruba,2010,101669.0,0.21,20.87,10.29,2391,-3.4,10.6,6.7,,77.42,72.52,,,6.8,,16.2,,,
ABW,Aruba,2019,105845.0,0.45,17.8,13.55,2701,1.3,,6.1,,78.51,73.63,,,5.4,,14.8,,,
AZE,Azerbaijan,2005,8391850.0,1.02,26.23,6.59,13245,28.0,7.3,3.0,7.4,71.76,65.74,,,88.0,,54.2,5.5,8.2,
AZE,Azerbaijan,2010,9054332.0,1.19,22.84,5.9,52906,4.8,5.6,2.8,4.9,74.12,67.77,84.3,10.9,104.0,,40.7,2.5,5.1,3.7
AZE,Azerbaijan,2019,9939800.0,0.87,23.37,6.2,40749,0.1,5.0,2.9,6.9,75.34,70.34,,,63.0,,31.4,,,3.4
BIH,Bosnia and Herzegovina,2005,3765331.0,0.03,17.7,13.52,11223,3.9,30.1,,9.1,77.79,72.46,,,70.0,0.1,9.8,3.2,3.0,
BIH,Bosnia and Herzegovina,2010,3705472.0,-0.82,15.74,13.96,17176,0.9,27.2,,9.0,78.48,73.48,93.7,2.1,45.0,0.1,9.0,2.5,3.4,1.8
BIH,Bosnia and Herzegovina,2019,3323929.0,-0.83,14.77,16.47,18169,3.0,26.5,,9.2,79.72,74.75,,,25.0,0.1,6.9,,,2
BRB,Barbados,2005,276323.0,0.38,20.56,12.45,3897,4.0,9.1,5.6,6.6,79.5,76.23,,,3.9,1.0,13.0,5.9,6.7,1.8
BRB,Barbados,2010,282131.0,0.36,19.74,13.25,4365,0.3,10.7,6.1,6.8,79.82,76.81,82.9,12.5,2.4,1.3,12.6,5.0,6.6,
BRB,Barbados,2019,286641.0,0.14,17.34,15.8,4713,0.9,9.4,4.7,7.0,80.39,77.68,,,0.4,1.5,11.5,,,2.5
BGD,Bangladesh,2005,139035505.0,1.48,34.36,4.3,57628,6.0,4.2,1.9,2.3,68.72,66.95,,,221.0,0.1,55.5,16.6,0.3,0.3
BGD,Bangladesh,2010,147575430.0,1.12,31.99,4.77,114508,5.6,3.4,1.9,2.5,71.26,68.69,58.3,33.9,221.0,0.1,43.3,16.9,,0.4
BGD,Bangladesh,2019,161356039.0,1.05,27.71,5.16,245633,7.3,4.4,1.5,2.4,74.29,70.64,,,221.0,0.1,33.2,,,0.5
BEL,Belgium,2005,10478617.0,0.55,17.15,17.29,387356,2.1,8.4,,9.0,81.9,76.2,,,12.0,,4.2,2.5,7.4,2.0
BEL,Belgium,2010,10895586.0,0.91,16.88,17.33,483548,2.7,8.3,,9.8,83.0,77.5,86.5,7.2,11.0,,3.8,2.5,6.5,2.9
BEL,Belgium,2019,11433256.0,0.51,17.06,18.79,494764,1.7,6.4,6.6,10.0,83.9,79.4,,,9.0,,3.5,,,3.3
BFA,Burkina Faso,2005,13421930.0,2.96,46.5,2.57,5463,8.7,4.0,4.4,4.4,54.04,52.44,,,64.0,1.5,90.0,24.9,,0.1
BFA,Burkina Faso,2010,15605217.0,3.02,46.22,2.47,8980,8.4,4.6,3.9,5.9,57.62,56.44,26.4,65.0,58.0,1.2,77.5,21.2,0.4,0.0
BFA,Burkina Faso,2019,19751535.0,2.87,44.95,2.41,12325,6.3,6.2,4.2,6.8,61.86,60.36,,,48.0,0.7,64.7,,,0.1
BGR,Bulgaria,2005,7658972.0,-0.75,13.62,17.35,29636,7.1,10.1,4.1,6.9,76.3,69.0,,,52.0,0.1,12.8,6.5,6.4,
BGR,Bulgaria,2010,7395599.0,-0.66,13.5,18.08,50610,1.3,10.3,3.9,7.1,77.2,70.0,94.9,2.3,41.0,0.1,9.5,5.6,6.5,3.8
BGR,Bulgaria,2019,7025037.0,-0.72,14.6,21.02,58222,3.8,4.4,4.1,8.2,78.4,71.5,,,22.0,0.1,8.3,,,4
BHR,Bahrain,2005,889164.0,6.9,25.68,2.24,15969,6.8,1.3,,3.2,76.28,74.57,,,36.0,,9.8,,2.8,1.0
BHR,Bahrain,2010,1240860.0,4.6,20.31,2.08,25713,4.3,1.1,2.5,3.8,77.09,75.27,81.8,7.2,23.0,,7.9,,1.8,0.9
BHR,Bahrain,2019,1569439.0,4.92,19.25,2.43,35326,3.8,1.2,2.3,4.9,78.28,76.31,,,11.0,,6.9,,,0.9
BDI,Burundi,2005,7364862.0,3.22,46.98,2.28,1117,0.9,1.7,3.6,8.4,54.93,51.78,,,195.0,2.2,87.5,,,0.0
BDI,Burundi,2010,8675602.0,3.26,45.14,2.16,2032,5.1,1.6,6.8,11.3,58.97,55.47,28.0,62.1,144.0,1.6,70.0,,,0.0
BDI,Burundi,2019,11175378.0,3.17,45.5,2.25,3155,0.0,1.5,4.3,7.7,63.03,59.44,,,111.0,1.0,52.3,,,0.0
BEN,Benin,2005,7982225.0,2.95,44.44,3.16,4804,1.7,0.9,3.6,4.0,58.79,55.85,,,73.0,1.3,84.0,15.4,0.5,0.0
BEN,Benin,2010,9199259.0,2.81,43.85,3.23,6970,2.1,1.0,5.0,4.1,60.72,57.87,32.0,58.5,68.0,1.1,74.5,11.8,0.5,0.1
BEN,Benin,2019,11485048.0,2.73,42.45,3.25,9236,5.0,2.3,4.0,3.9,63.0,59.91,,,56.0,1.0,67.7,,,0.2
BRN,Brunei Darussalam,2005,365114.0,1.57,27.83,2.95,10561,0.4,5.9,3.7,2.2,75.08,73.01,,,51.0,,9.7,2.5,3.0,1.1
BRN,Brunei Darussalam,2010,388646.0,1.23,25.96,3.39,13707,2.6,6.2,2.0,2.3,75.88,73.66,83.5,8.3,70.0,,9.3,3.1,,1.4
BRN,Brunei Darussalam,2019,428962.0,1.05,23.03,4.87,12128,1.3,6.8,4.4,2.3,76.96,74.59,,,68.0,,8.8,,,1.8
BOL,Bolivia (Plurinational State of),2005,9232306.0,1.78,36.33,5.61,9549,4.4,5.1,6.4,5.0,67.54,63.19,,,158.0,0.5,52.0,30.3,,1.2
BOL,Bolivia (Plurinational State of),2010,10048590.0,1.64,34.49,6.12,19650,4.1,2.5,7.6,5.1,70.52,65.62,60.7,27.0,135.0,0.4,42.1,26.5,,0.4
BOL,Bolivia (Plurinational State of),2019,11353142.0,1.42,31.07,7.19,37509,4.2,3.2,7.3,6.9,74.21,68.43,,,108.0,0.3,32.4,,,1.6
BRA,Brazil,2005,186127103.0,1.15,27.36,6.01,891634,3.2,9.3,4.5,8.3,75.78,68.17,,,50.0,0.5,28.2,4.6,2.4,1.7
BRA,Brazil,2010,195713635.0,0.94,24.82,6.82,2208838,7.5,7.3,5.6,9.7,77.38,69.95,73.8,13.5,44.0,0.5,20.3,2.5,2.4,1.8
BRA,Brazil,2019,209469333.0,0.78,21.33,8.92,2055512,1.0,11.6,6.2,11.8,79.36,72.02,,,45.0,0.5,15.8,,,2.1
BHS,Bahamas (the),2005,324859.0,1.85,28.11,5.78,9836,3.4,10.2,2.2,4.6,74.78,69.12,,,17.0,2.3,13.1,,,
BHS,Bahamas (the),2010,354942.0,1.52,26.88,6.11,10096,1.5,14.3,,5.9,74.61,69.62,73.0,16.8,10.0,2.2,11.3,,3.1,2.7
BHS,Bahamas (the),2019,385640.0,1.01,22.48,7.26,11792,1.8,11.4,,6.4,75.91,71.5,,,14.0,1.8,8.0,,,1.9
BTN,Bhutan,2005,648739.0,1.54,35.08,4.41,819,7.1,3.1,7.1,4.0,65.56,65.0,,,194.0,0.3,51.9,,,0.2
BTN,Bhutan,2010,685503.0,1.05,31.17,5.14,1585,11.7,3.3,4.0,3.5,68.59,68.16,62.9,26.0,239.0,0.3,39.5,,,0.2
BTN,Bhutan,2019,754394.0,1.18,25.77,6.0,2562,6.0,2.4,7.1,3.5,71.82,71.12,,,149.0,0.3,30.5,,,0.4
BWA,Botswana,2005,1799078.0,1.88,36.52,3.15,9931,4.6,20.8,10.7,5.3,54.42,49.98,,,728.0,24.6,57.0,31.9,,0.3
BWA,Botswana,2010,1987105.0,1.71,34.97,3.32,12787,8.6,17.9,9.6,6.0,62.59,57.8,36.0,55.8,518.0,23.2,44.2,28.5,1.8,0.4
BWA,Botswana,2019,2254126.0,2.2,34.11,4.22,17407,2.4,17.8,,5.5,72.05,66.2,,,275.0,20.3,35.5,,,0.4
BLR,Belarus,2005,9663915.0,-0.68,15.6,14.72,31232,9.4,0.9,5.9,6.3,75.1,62.9,,,69.0,0.1,9.6,3.0,11.1,
BLR,Belarus,2010,9490583.0,-0.17,14.9,13.96,57232,7.8,1.2,5.2,5.7,76.5,64.6,89.1,2.4,68.0,0.2,6.3,2.5,11.5,3.5
BLR,Belarus,2019,9483499.0,-0.16,16.87,14.85,54441,2.4,0.5,4.8,6.3,79.4,69.2,,,31.0,0.5,3.4,,,4.1
BLZ,Belize,2005,283800.0,2.6,38.9,3.48,1114,3.0,11.0,5.3,4.2,72.94,67.3,,,41.0,1.7,20.2,4.6,1.2,1.0
BLZ,Belize,2010,322464.0,2.45,35.61,4.08,1397,3.3,11.4,6.6,5.8,74.74,69.59,68.8,17.2,52.0,1.9,17.3,5.6,1.2,0.8
BLZ,Belize,2019,383071.0,1.92,30.28,4.74,1902,0.5,9.3,7.1,6.1,77.67,71.58,,,30.0,1.9,15.0,,,1.1
CAN,Canada,2005,32243753.0,0.94,17.68,13.12,1169393,3.2,6.8,4.8,9.1,82.6,77.9,,,5.5,,5.3,2.5,3.4,1.9
CAN,Canada,2010,34004889.0,1.11,16.49,14.15,1613463,3.1,8.1,5.4,10.6,83.5,79.1,88.7,5.0,4.6,,5.1,2.5,2.7,2.0
CAN,Canada,2019,37057765.0,1.4,15.87,17.23,1647120,3.0,5.9,5.3,10.5,84.1,79.9,,,5.6,,4.6,,,2.6
COD,Congo (the Democratic Republic of the),2005,54785903.0,3.18,45.78,2.96,11965,6.1,3.7,,4.3,55.12,52.23,,,327.0,1.4,99.5,,1.1,
COD,Congo (the Democratic Republic of the),2010,64563854.0,3.33,46.14,2.99,21566,7.1,3.7,1.5,4.0,58.34,55.48,24.1,67.5,327.0,1.1,83.8,,,0.1
COD,Congo (the Democratic Republic of the),2019,84068091.0,3.23,46.17,3.02,37642,3.7,3.7,1.5,3.9,61.9,58.85,,,321.0,0.8,73.1,,,0.1
CAF,Central African Republic (the),2005,4038382.0,1.96,43.5,3.29,1413,2.4,6.2,1.7,4.8,45.97,43.5,,,540.0,5.9,105.1,39.5,,0.1
CAF,Central African Republic (the),2010,4386768.0,1.13,44.06,3.02,2034,3.6,6.3,1.2,3.7,48.79,45.82,24.4,68.3,540.0,5.0,99.7,32.0,,0.0
CAF,Central African Republic (the),2019,4666377.0,1.52,44.29,2.83,1993,4.3,5.6,1.2,4.3,54.99,50.65,,,540.0,3.6,90.3,,,0.1
COG,Congo (the),2005,3622775.0,3.15,41.85,2.62,6350,7.6,19.8,1.8,1.9,56.56,54.54,,,426.0,3.5,72.2,40.2,1.6,0.2
COG,Congo (the),2010,4273731.0,3.05,41.63,2.52,13678,15.0,14.6,6.2,2.0,61.14,58.97,33.0,57.4,386.0,3.1,52.5,40.5,,0.1
COG,Congo (the),2019,5244363.0,2.58,41.76,2.68,11292,-3.1,11.5,4.6,4.6,65.7,62.84,,,375.0,2.6,41.4,,,0.1
CHE,Switzerland,2005,7437115.0,0.64,16.29,15.78,408697,3.1,4.4,5.2,10.8,83.9,78.7,,,8.0,,4.6,2.5,5.5,
CHE,Switzerland,2010,7824909.0,1.04,15.06,16.89,583783,3.0,4.8,4.9,10.7,84.5,80.1,90.6,3.6,7.5,,4.2,2.5,5.0,3.8
CHE,Switzerland,2019,8513227.0,0.72,14.91,18.62,678938,1.6,4.7,5.1,12.2,85.6,81.6,,,6.4,,3.9,,,4.2
CIV,Côte d'Ivoire,2005,18354514.0,2.11,44.13,2.88,17085,1.7,3.5,4.1,5.4,51.82,48.66,,,267.0,4.4,87.9,20.0,,0.1
CIV,Côte d'Ivoire,2010,20532950.0,2.33,43.62,2.86,24885,2.0,3.1,4.6,6.1,54.41,51.69,32.3,58.6,196.0,3.6,77.2,21.9,,0.1
CIV,Côte d'Ivoire,2019,25069229.0,2.55,41.94,2.86,38055,7.7,2.6,4.4,4.4,58.74,56.25,,,142.0,2.6,67.5,,,0.2
CHL,Chile,2005,16182721.0,1.04,24.66,8.43,122965,6.2,8.0,3.3,6.6,80.58,74.53,,,18.0,0.2,8.3,3.9,2.3,1.0
CHL,Chile,2010,17062536.0,1.04,22.08,9.36,218538,5.8,8.4,4.2,6.8,81.66,75.74,83.6,8.1,16.0,0.4,7.7,4.2,2.0,1.0
CHL,Chile,2019,18729160.0,1.39,19.75,11.53,277081,1.5,7.1,5.4,8.5,82.38,77.55,,,18.0,0.5,7.2,,,1.1
CMR,Cameroon,2005,17733410.0,2.71,44.18,3.01,17944,2.0,4.4,2.9,4.1,53.89,51.62,,,311.0,4.8,92.2,20.3,,0.1
CMR,Cameroon,2010,20341241.0,2.75,43.69,2.84,26144,3.4,4.1,3.0,4.5,56.31,53.89,30.6,59.8,260.0,4.5,80.5,11.5,1.3,0.1
CMR,Cameroon,2019,25216237.0,2.61,42.63,2.73,34924,3.5,4.2,3.1,4.7,60.19,57.66,,,186.0,3.6,70.7,,,0.1
CHN,China,2005,1303720000.0,0.59,20.35,7.48,2285960,11.4,4.1,,4.1,74.84,71.3,,,91.0,,27.1,15.5,2.45,1.1
CHN,China,2010,1337705000.0,0.48,18.66,8.07,6100648,10.6,4.2,,4.2,76.57,72.48,87.0,5.0,76.0,,18.1,12.0,3.56,1.5
CHN,China,2019,1392730000.0,0.46,17.88,10.92,12237782,6.9,4.8,,5.0,79.05,74.55,,,61.0,,12.3,,,1.8
COL,Colombia,2005,42647723.0,1.35,30.32,5.84,146566,4.7,11.9,4.0,5.5,77.43,71.08,,,30.0,0.4,19.5,9.7,,1.5
COL,Colombia,2010,45222700.0,1.05,27.27,6.59,287018,4.0,10.9,4.8,6.3,78.4,72.42,70.6,10.7,32.0,0.4,16.9,11.1,,1.6
COL,Colombia,2019,49648685.0,1.52,23.08,8.48,309191,1.8,9.2,4.4,5.9,79.86,74.33,,,33.0,0.4,14.4,,,2.1
CRI,Costa Rica,2005,4285502.0,1.42,27.44,6.35,19952,3.9,6.6,4.9,6.7,80.49,75.79,,,16.0,0.2,10.9,5.4,,1.3
CRI,Costa Rica,2010,4577378.0,1.25,24.31,7.3,37269,5.0,8.9,6.6,8.1,81.24,76.37,81.8,6.6,13.0,0.3,10.0,5.2,1.2,
CRI,Costa Rica,2019,4999441.0,0.99,21.32,9.55,57565,3.2,7.9,7.4,7.6,82.73,77.54,,,10.0,0.4,9.3,,,1.1
CUB,Cuba,2005,11261582.0,0.1,19.2,10.87,42644,11.2,2.0,10.6,8.8,79.66,75.77,,,7.9,0.1,6.1,2.5,4.9,6.3
CUB,Cuba,2010,11225832.0,-0.01,17.74,12.54,64328,2.4,2.5,12.8,10.7,80.35,76.37,85.1,7.1,8.5,0.2,5.3,2.5,5.9,6.8
CUB,Cuba,2019,11338138.0,-0.01,16.21,15.19,96851,1.8,2.6,,12.2,80.71,76.76,,,7.2,0.4,4.8,,,8.2
CPV,Cabo Verde,2005,463032.0,1.4,37.64,5.67,1105,6.5,11.2,7.5,4.3,73.97,66.47,,,79.0,0.6,24.5,14.0,2.1,
CPV,Cabo Verde,2010,492654.0,1.22,32.31,5.33,1664,1.5,10.7,5.6,4.5,74.59,67.27,67.3,22.8,90.0,0.6,22.9,15.3,2.1,0.6
CPV,Cabo Verde,2019,543767.0,1.16,28.78,4.61,1773,4.0,10.4,5.2,5.3,76.01,69.32,,,46.0,0.6,20.6,,,0.8
CUW,Curaçao,2019,159800.0,-0.23,18.88,16.68,3122,-1.7,13.0,4.9,,,,,,6.4,,10.3,,,
CYP,Cyprus,2005,1027662.0,1.69,20.0,10.77,18967,4.9,5.3,6.2,5.3,80.75,76.54,,,3.8,,5.6,5.7,3.8,
CYP,Cyprus,2010,1112612.0,1.31,17.84,11.42,25561,1.3,6.3,6.6,6.3,81.63,77.24,90.8,3.7,6.3,,4.3,4.3,3.5,2.2
CYP,Cyprus,2019,1189265.0,0.81,16.79,13.72,22054,4.2,9.9,6.4,6.9,82.91,78.74,,,5.4,,4.2,,,2
CZE,Czechia,2005,10211216.0,0.14,14.73,14.04,136281,6.5,7.9,3.9,6.4,79.1,72.9,,,11.0,0.1,4.0,2.5,7.6,
CZE,Czechia,2010,10474410.0,0.29,14.24,15.44,207478,2.3,7.3,4.1,6.9,80.6,74.4,90.1,4.6,6.8,0.1,3.1,2.5,7.0,3.6
CZE,Czechia,2019,10629928.0,0.33,15.59,19.42,215825,4.3,2.0,5.8,7.1,82.0,76.1,,,5.4,0.1,2.5,,,4.3
DEU,Germany,2005,82469422.0,-0.06,14.42,18.87,2861339,0.7,11.2,,10.2,81.8,76.2,,,8.0,0.1,4.2,2.5,8.5,
DEU,Germany,2010,81776930.0,-0.15,13.57,20.55,3417095,4.1,7.0,4.9,11.0,82.6,77.5,91.6,4.6,5.8,0.1,3.7,2.5,8.2,3.8
DEU,Germany,2019,82905782.0,0.3,13.62,21.46,3693204,2.2,3.6,4.8,11.1,83.4,78.7,,,7.3,0.1,3.4,,,4.2
DJI,Djibouti,2005,783254.0,1.5,37.88,3.3,674,3.2,6.4,8.4,4.5,59.45,56.56,,,496.0,2.1,68.1,32.2,1.6,0.2
DJI,Djibouti,2010,840198.0,1.48,32.56,3.82,1015,3.5,6.2,4.5,4.3,61.61,58.61,36.3,53.6,621.0,1.6,63.4,22.3,1.4,0.2
DJI,Djibouti,2019,958920.0,1.56,29.57,4.53,1845,4.1,5.8,,3.5,68.78,64.63,,,260.0,1.2,55.7,,,0.2
DNK,Denmark,2005,5419432.0,0.28,18.73,15.15,264467,2.3,4.8,8.1,9.1,80.2,75.6,,,8.4,0.1,4.5,2.5,3.9,3.2
DNK,Denmark,2010,5547683.0,0.44,17.95,16.67,321995,1.9,7.5,8.6,10.3,81.2,77.1,89.8,6.6,6.9,0.1,3.7,2.5,3.5,3.6
DNK,Denmark,2019,5793636.0,0.5,16.46,19.81,329866,2.3,5.3,7.6,10.4,83.4,79.4,,,5.4,0.1,3.5,,,4.5
DMA,Dominica,2005,70589.0,0.29,,,370,-0.3,11.0,,5.2,,,,,12.0,,,5.7,3.9,1.8
DOM,Dominican Republic (the),2005,9097257.0,1.36,32.96,5.38,35510,9.3,6.5,1.8,4.4,73.95,67.86,,,69.0,1.4,34.9,24.4,2.0,1.8
DOM,Dominican Republic (the),2010,9695121.0,1.23,30.61,5.85,53160,8.3,5.0,2.0,5.6,75.26,69.09,65.5,21.4,51.0,1.2,29.5,16.5,1.6,1.1
DOM,Dominican Republic (the),2019,10627165.0,1.08,27.98,7.08,75932,4.6,5.5,,6.2,77.2,70.81,,,45.0,0.9,27.5,,,1.6
DZA,Algeria,2005,33149724.0,1.39,29.19,4.92,103198,5.9,15.3,,3.2,74.41,71.78,,,80.0,0.1,33.6,8.8,,1.0
DZA,Algeria,2010,35977455.0,1.81,27.28,5.46,161207,3.6,10.0,4.3,5.1,76.15,73.77,72.6,16.8,78.0,0.1,29.4,6.3,,1.2
DZA,Algeria,2019,42228429.0,2.01,30.15,6.36,167555,1.4,9.9,,6.6,77.94,75.49,,,69.0,0.1,24.9,,,1.8
ECU,Ecuador,2005,13825847.0,1.67,33.13,5.39,41507,5.3,7.7,1.2,5.6,77.14,71.22,,,40.0,0.4,23.6,17.0,,1.5
ECU,Ecuador,2010,15011117.0,1.59,31.04,6.0,69555,3.5,4.1,4.5,7.1,78.04,72.27,66.6,17.1,40.0,0.4,19.1,10.7,1.6,2.1
ECU,Ecuador,2019,17084357.0,1.77,28.03,7.16,104296,3.0,4.2,5.0,8.4,79.64,74.06,,,44.0,0.4,15.1,,,2.0
EST,Estonia,2005,1354775.0,-0.57,15.16,16.76,14003,9.6,8.0,4.8,5.0,78.1,67.3,,,41.0,0.7,7.3,4.2,5.4,4.4
EST,Estonia,2010,1331475.0,-0.23,15.13,17.52,19503,2.3,16.7,5.5,6.3,80.5,70.6,92.1,2.0,25.0,0.7,4.7,2.6,5.2,3.2
EST,Estonia,2019,1321977.0,0.35,16.36,19.63,25921,4.9,5.5,5.2,6.7,83.0,74.3,,,13.0,0.9,3.2,,,3.5
EGY,Egypt,2005,75523569.0,1.81,33.84,4.9,94456,4.5,11.2,4.8,4.9,71.82,67.14,,,21.0,0.1,29.3,5.4,2.2,0.5
EGY,Egypt,2010,82761235.0,1.98,32.56,4.79,214630,5.1,11.8,3.8,4.2,72.61,68.18,81.8,12.3,18.0,0.1,23.5,4.5,1.7,
EGY,Egypt,2019,98423595.0,2.03,33.8,5.23,195136,4.2,11.6,,4.6,74.16,69.6,,,12.0,0.1,18.9,,,0.8
ERI,Eritrea,2005,2826659.0,3.85,38.62,3.82,1098,1.5,7.0,3.1,5.3,60.79,56.71,,,209.0,1.1,59.4,,,0.1
ERI,Eritrea,2010,3170435.0,1.61,39.48,4.0,2117,2.2,6.8,2.1,3.4,64.26,60.19,40.6,47.6,149.0,0.9,51.6,,,
ESP,Spain,2005,43653155.0,1.69,14.25,16.68,1157248,3.7,9.2,4.1,7.7,83.5,77.0,,,19.0,0.4,4.0,2.5,3.4,4.5
ESP,Spain,2010,46576897.0,0.46,14.79,17.05,1431617,0.0,19.9,4.8,9.0,84.7,78.7,92.1,4.4,17.0,0.4,3.4,2.5,3.2,3.7
ESP,Spain,2019,46796540.0,0.44,14.67,19.38,1314314,3,13.4,4.3,9.0,86.1,80.7,,,9.4,0.3,2.9,,,4.1
ETH,Ethiopia,2005,76346311.0,2.8,46.49,3.11,12164,11.8,5.4,3.6,4.1,57.64,54.85,,,341.0,1.7,77.9,39.7,,0.0
ETH,Ethiopia,2010,87639964.0,2.78,44.93,3.3,26311,12.6,5.2,4.5,5.5,63.32,59.98,31.9,58.3,268.0,1.3,59.8,32.1,,0.0
ETH,Ethiopia,2019,109224559.0,2.62,40.78,3.5,75605,11.1,5.4,4.7,4.0,68.17,64.35,,,151.0,1.0,45.8,,,0.1
FIN,Finland,2005,5246096.0,0.34,17.34,16.03,204431,2.8,8.4,6.0,8.0,82.3,75.5,,,7.4,0.1,3.2,2.5,7.1,3.2
FIN,Finland,2010,5363352.0,0.46,16.52,17.23,247800,3.0,8.4,6.5,8.9,83.2,76.7,91.5,1.9,6.6,0.1,2.7,2.5,5.9,3.0
FIN,Finland,2019,5515525.0,0.13,16.15,21.72,252247,2.8,8.1,7.1,9.5,84.6,79.2,,,4.7,0.1,2.1,,,3.8
FJI,Fiji,2005,821604.0,0.46,30.53,4.09,2980,0.7,4.6,5.1,3.6,67.94,64.79,,,20.0,,18.8,4.3,2.09,0.5
FJI,Fiji,2010,859818.0,0.72,29.0,4.82,3140,3.0,8.9,4.5,3.7,68.26,65.18,82.0,11.7,27.0,,19.6,4.5,,0.4
FJI,Fiji,2019,883483.0,0.68,29.51,5.45,4874,3.0,6.2,3.9,3.5,69.18,65.64,,,54.0,,20.0,,,0.8
FSM,Micronesia (Federated States of),2005,106129.0,-0.47,38.85,3.89,251,2.1,,6.7,11.5,67.14,63.93,,,115.0,,39.8,,3.3,0.6
FSM,Micronesia (Federated States of),2010,102911.0,-0.06,35.69,3.22,297,2.0,,,12.9,68.15,64.86,71.7,21.4,199.0,,35.0,,,0.2
FSM,Micronesia (Federated States of),2019,112640.0,1.05,31.71,4.0,336,2.0,,12.5,12.6,69.45,66.12,,,108.0,,30.3,,,
FRA,France,2005,63179351.0,0.75,18.49,16.47,2196071,1.7,8.5,5.5,10.2,83.8,76.7,,,9.9,0.3,4.2,2.5,7.5,
FRA,France,2010,65027507.0,0.49,18.48,16.85,2642610,1.9,8.9,5.7,11.2,85.3,78.2,87.1,5.8,9.2,0.3,3.7,2.5,6.6,3.7
FRA,France,2019,66977107.0,0.17,17.96,20.03,2582492,2.2,8.6,5.5,11.5,85.6,79.6,,,8.9,0.3,3.5,,,3.2
GAB,Gabon,2005,1390549.0,2.68,39.35,4.71,9579,1.1,16.9,3.8,2.9,59.51,56.82,,,592.0,4.2,59.7,10.9,,0.3
GAB,Gabon,2010,1624140.0,3.46,37.43,4.09,14359,7.1,20.4,3.1,2.5,62.77,60.0,35.3,57.0,559.0,4.1,49.9,10.8,6.3,
GAB,Gabon,2019,2119275.0,2.6,37.03,3.56,14623,1.1,19.2,2.7,3.1,68.32,64.15,,,525.0,3.8,41.9,,,0.4
GBR,United Kingdom of Great Britain and Northern Ireland (the),2005,60401206.0,0.69,17.98,16.04,2525013,3.1,4.8,5.0,7.2,81.2,77.0,,,15.0,,5.3,2.5,3.7,
GBR,United Kingdom of Great Britain and Northern Ireland (the),2010,62766365.0,0.78,17.5,16.57,2452900,1.7,7.8,5.8,8.5,82.4,78.5,89.3,7.3,14.0,,4.8,2.5,3.0,2.7
GBR,United Kingdom of Great Britain and Northern Ireland (the),2019,66460344.0,0.61,17.68,18.4,2631228,1.7,3.9,5.5,9.8,83.2,79.6,,,8.0,,4.1,,,2.8
GRD,Grenada,2005,104661.0,0.3,28.12,8.83,695,13.3,10.2,3.9,5.3,75.73,70.6,,,1.7,,12.7,,4.1,0.6
GRD,Grenada,2010,106233.0,0.42,23.97,9.8,771,-0.5,,,6.1,75.46,70.47,83.2,10.7,4.3,,12.3,,,0.7
GRD,Grenada,2019,111454.0,0.52,23.56,9.62,1127,5.1,,10.3,5.2,74.94,70.06,,,2.1,,13.7,,,1.4
GEO,Georgia,2005,3902469.0,-0.64,19.03,14.48,6411,9.6,13.8,2.5,8.3,74.62,66.37,,,175.0,0.1,26.5,7.2,3.9,
GEO,Georgia,2010,3786695.0,-0.73,17.95,14.24,11638,6.2,16.3,3.2,9.5,76.05,66.86,92.6,3.2,127.0,0.2,18.2,7.7,3.0,4.3
GEO,Georgia,2019,3726549.0,-0.04,19.8,14.87,15159,4.8,11.6,3.8,8.4,77.99,69.17,,,80.0,0.4,12.9,,,5.1
GHA,Ghana,2005,21814642.0,2.52,40.87,2.82,22765,6.2,4.7,7.4,5.3,59.6,57.84,,,203.0,2.1,60.9,9.3,0.9,0.2
GHA,Ghana,2010,24779619.0,2.49,39.29,2.84,42587,7.9,5.3,5.5,6.1,61.97,60.1,37.0,54.4,183.0,1.9,53.7,5.3,,0.1
GHA,Ghana,2019,29767108.0,2.19,37.6,3.07,58996,8.1,2.5,4.5,4.4,64.85,62.72,,,148.0,1.7,44.8,,,0.2
GMB,Gambia (the),2005,1543741.0,3.11,46.32,2.61,944,-0.9,9.4,1.1,4.9,59.15,56.82,,,191.0,1.8,59.4,15.1,0.8,0.1
GMB,Gambia (the),2010,1793196.0,3.0,45.15,2.66,1441,6.5,9.4,4.2,5.7,60.96,58.39,30.8,58.9,178.0,1.9,52.4,9.3,,0.1
GMB,Gambia (the),2019,2280102.0,2.95,44.27,2.59,1489,4.6,9.4,3.1,4.4,63.15,60.36,,,174.0,1.9,49.8,,,0.1
GIN,Guinea,2005,9109581.0,2.04,46.81,3.19,4063,3.0,4.6,1.8,2.9,53.64,52.69,,,210.0,1.7,95.2,21.3,0.3,0.1
GIN,Guinea,2010,10192176.0,2.26,46.17,3.04,6853,4.8,4.6,2.6,3.1,57.51,56.02,31.9,59.5,186.0,1.6,77.7,17.6,,
GIN,Guinea,2019,12414318.0,2.83,43.85,2.93,10208,8.2,4.5,2.2,5.5,61.67,60.48,,,176.0,1.4,65.7,,,0.1
GNQ,Equatorial Guinea,2005,749535.0,4.44,39.58,3.27,8520,8.9,5.8,,1.4,55.62,53.37,,,106.0,4.6,95.4,,2.2,0.2
GNQ,Equatorial Guinea,2010,943639.0,4.56,38.5,2.89,16299,-8.9,5.6,,1.5,56.86,54.54,34.4,55.5,129.0,5.7,84.6,,2.1,
GNQ,Equatorial Guinea,2019,1308974.0,3.65,37.12,2.46,12487,-3.2,8.1,,3.4,59.59,57.41,,,201.0,7.1,73.8,,,0.4
GRC,Greece,2005,10987314.0,0.29,14.73,17.91,247777,0.6,10.0,4.0,9.0,81.8,76.8,,,7.1,,4.5,2.5,4.7,
GRC,Greece,2010,11121341.0,0.13,15.05,19.15,299362,-5.5,12.7,,9.6,83.0,77.9,91.2,5.7,4.7,,3.5,2.5,4.8,6.1
GRC,Greece,2019,10731726.0,-0.21,14.07,21.66,203086,1.5,19.5,,8.5,83.9,78.8,,,4.5,,3.3,,,4.6
GTM,Guatemala,2005,13096028.0,2.31,42.26,4.17,27211,3.3,2.5,,6.3,72.94,66.53,,,36.0,0.7,37.2,15.8,0.7,
GTM,Guatemala,2010,14630417.0,2.17,39.37,4.29,41338,2.9,3.7,2.8,6.1,74.68,68.22,52.8,29.5,28.0,0.6,31.3,15.8,0.6,0.9
GTM,Guatemala,2019,17247807.0,1.95,34.44,4.81,75620,2.8,2.6,2.8,5.8,76.94,71.12,,,26.0,0.4,26.9,,,0.4
GNB,Guinea-Bissau,2005,1344930.0,2.37,44.07,2.76,587,4.3,6.4,,6.4,54.59,49.86,,,361.0,3.8,103.9,24.4,,0.1
GNB,Guinea-Bissau,2010,1522599.0,2.57,43.15,2.71,849,4.6,6.3,1.9,6.3,56.9,52.23,27.0,65.5,361.0,3.8,85.2,22.2,,0.1
GNB,Guinea-Bissau,2019,1874309.0,2.49,42.34,2.82,1347,5.9,6.0,2.1,6.1,59.91,55.96,,,361.0,3.5,68.1,,,0.2
GUY,Guyana,2005,746163.0,0.06,36.29,4.62,1315,-2.0,12.4,8.1,3.4,70.1,63.6,,,107.0,1.3,35.3,9.4,2.8,0.5
GUY,Guyana,2010,749436.0,0.23,32.22,4.62,2259,4.1,10.9,3.6,4.6,71.54,64.82,65.6,21.3,119.0,1.5,32.0,11.2,,0.7
GUY,Guyana,2019,779004.0,0.49,28.21,6.45,3543,2.2,11.8,6.3,4.2,72.97,66.78,,,83.0,1.4,31.7,,,0.8
HKG,Hong Kong,2005,6813200.0,0.44,14.35,12.25,181569,7.4,5.6,4.1,,84.6,78.8,,,96.0,,2.5,2.5,,
HKG,Hong Kong,2010,7024200.0,0.73,11.93,12.95,228639,6.8,4.3,3.5,,86.0,80.1,,,81.0,,1.9,2.5,,
HKG,Hong Kong,2019,7451000.0,0.8,11.9,16.88,341659,3.8,2.9,3.3,,87.7,82.3,,,67.0,,1.6,,,
HND,Honduras,2005,7458985.0,2.39,40.6,3.82,9757,6.1,4.9,,7.7,74.34,69.73,,,56.0,0.7,28.4,17.0,,0.4
HND,Honduras,2010,8317470.0,2.02,37.58,3.98,15839,3.7,4.1,,8.6,75.69,70.94,60.0,18.7,43.0,0.5,23.3,15.2,0.8,
HND,Honduras,2019,9587522.0,1.67,31.74,4.69,22979,4.8,4.3,6,8.4,77.38,72.77,,,37.0,0.3,18.4,,,0.3
HRV,Croatia,2005,4310145.0,0.13,15.73,17.25,45347,4.1,12.6,3.8,6.9,78.83,71.83,,,28.0,0.1,6.5,2.9,5.5,
HRV,Croatia,2010,4295427.0,-0.23,15.44,17.56,59866,-1.5,11.6,4.2,8.1,79.6,73.5,92.8,1.6,18.0,0.1,5.8,2.5,5.6,2.8
HRV,Croatia,2019,4087843.0,-0.89,14.51,20.45,55201,2.9,8.4,4.6,7.2,81.4,74.9,,,8.4,0.1,4.3,,,3
HTI,Haiti,2005,9195288.0,1.62,38.17,4.27,4154,1.8,15.0,,5.5,60.56,56.75,,,272.0,2.4,68.9,57.1,,
HTI,Haiti,2010,9949322.0,1.53,36.27,4.48,6708,-5.5,16.0,,8.1,62.53,58.5,14.9,12.3,229.0,2.1,63.8,49.5,,
HTI,Haiti,2019,11123176.0,1.27,33.24,4.95,8521,1.2,13.8,2.4,5.4,65.83,61.5,,,176.0,2.0,61.0,,,0.2
HUN,Hungary,2005,10087065.0,-0.2,15.52,15.62,113035,4.4,7.2,5.3,8.0,76.9,68.6,,,21.0,0.1,7.4,2.5,7.9,3.2
HUN,Hungary,2010,10000023.0,-0.23,14.86,16.09,130923,0.7,11.2,4.8,7.5,78.1,70.5,93.1,1.5,18.0,0.1,5.7,2.5,7.2,2.9
HUN,Hungary,2019,9775564.0,-0.13,14.41,19.16,139761,4.1,3.4,4.6,7.4,79.3,72.5,,,6.4,0.1,5.0,,,3.2
IDN,Indonesia,2005,226289470.0,1.34,29.88,4.8,304372,5.7,7.7,2.9,2.6,69.11,65.58,,,360.0,0.2,37.3,19.4,,0.1
IDN,Indonesia,2010,241834215.0,1.34,28.83,4.96,755094,6.2,5.6,2.8,3.0,71.31,67.18,68.9,24.5,342.0,0.4,30.4,13.3,0.6,0.1
IDN,Indonesia,2019,267663435.0,1.13,26.55,5.86,1015539,5.1,4.4,3.6,3.1,73.75,69.38,,,316.0,0.4,25.0,,,0.4
IRL,Ireland,2005,4159914.0,2.18,20.2,10.51,211644,6.0,4.3,4.5,7.6,81.3,76.7,,,12.0,0.1,5.2,2.5,5.5,
IRL,Ireland,2010,4560155.0,0.54,20.79,11.01,222134,1.8,13.8,6.0,10.5,83.1,78.5,88.8,6.2,9.8,0.2,3.7,2.5,3.0,2.3
IRL,Ireland,2019,4867309.0,1.24,21.41,13.87,331430,7.8,6.0,3.8,7.4,84.4,80.9,,,7.0,0.2,3.4,,,3.1
ISR,Israel,2005,6930100.0,1.76,27.85,10.02,142411,4.1,11.3,5.8,7.1,82.2,78.2,,,6.5,0.1,5.0,2.5,3.7,
ISR,Israel,2010,7623600.0,1.83,27.26,10.45,233733,5.5,8.5,5.5,7.1,83.6,79.7,87.1,7.7,5.3,0.1,4.0,2.5,3.2,3.4
ISR,Israel,2019,8882800.0,1.93,27.93,11.98,353268,3.5,3.8,5.9,7.3,84.8,80.9,,,4.0,0.2,3.4,,,3.2
IND,India,2005,1147609927.0,1.58,32.74,4.74,823612,7.9,4.4,3.2,3.8,65.36,63.69,,,279.0,,60.0,22.2,0.9,0.6
IND,India,2010,1234281170.0,1.35,30.81,5.08,1669620,8.5,3.5,3.4,3.3,67.73,65.72,55.9,33.0,247.0,,49.5,17.5,,0.7
IND,India,2019,1352617328.0,1.04,27.05,6.18,2575667,6.7,3.5,3.8,3.6,70.69,68.24,,,199.0,,39.1,,,0.8
IRQ,Iraq,2005,26922284.0,2.29,42.02,3.38,36268,4.4,8.6,,2.9,71.11,65.62,,,48.0,,34.5,28.2,1.3,
IRQ,Iraq,2010,29741976.0,2.62,41.81,3.36,117138,5.5,8.3,,3.2,71.44,65.86,60.5,22.8,45.0,,31.7,27.3,1.3,0.6
IRQ,Iraq,2019,38433600.0,2.32,38.39,3.32,182024,1.0,8.3,,3.3,72.49,68.43,,,42.0,,28.5,,,0.8
IRN,Iran (Islamic Republic of),2005,69762347.0,1.17,26.89,4.76,226452,3.2,12.1,4.1,5.3,73.5,70.44,,,17.0,0.1,24.8,6.1,1.7,0.9
IRN,Iran (Islamic Republic of),2010,73762519.0,1.14,24.04,5.15,491099,5.8,13.5,3.7,6.8,75.43,72.48,78.6,9.1,18.0,0.1,19.1,5.8,1.7,0.5
IRN,Iran (Islamic Republic of),2019,81800269.0,1.39,24.48,6.18,460976,3.8,12.2,3.8,8.1,77.67,75.41,,,14.0,0.1,15.2,,,1.1
ISL,Iceland,2005,296734.0,1.58,22.18,11.81,16813,6.3,2.6,7.4,9.2,83.5,79.6,,,3.9,0.1,2.5,2.5,,3.6
ISL,Iceland,2010,318041.0,-0.14,20.8,12.01,13684,-3.4,7.6,7.2,8.8,84.1,79.8,89.7,4.6,7.9,0.1,2.0,2.5,3.6,3.6
ISL,Iceland,2019,352721.0,2.68,19.83,14.8,24477,4.0,2.9,7.7,8.3,84.3,81.1,,,2.7,0.1,1.6,,,4.0
ITA,Italy,2005,57969484.0,0.49,14.17,19.66,1852616,0.9,7.7,4.2,8.4,83.6,78.1,,,7.6,0.2,4.1,2.5,4.0,
ITA,Italy,2010,59277417.0,0.31,14.08,20.43,2125058,1.7,8.4,4.4,9.0,84.7,79.5,92.6,3.2,8.8,0.3,3.4,2.5,3.6,
ITA,Italy,2019,60421760.0,-0.19,13.33,22.75,1943835,1.6,10.4,4.1,8.9,85.2,80.8,,,7.0,0.3,3.0,,,4.1
JAM,Jamaica,2005,2740003.0,0.55,30.13,7.93,11244,0.9,10.9,4.6,4.6,75.47,72.85,,,4.1,2.3,18.0,7.0,1.7,0.8
JAM,Jamaica,2010,2810460.0,0.52,27.01,8.24,13219,-1.5,12.4,6.4,5.0,75.54,72.58,77.0,12.9,5.8,2.1,16.7,8.8,1.8,0.4
JAM,Jamaica,2019,2934855.0,0.48,23.75,8.8,14827,1.0,11.9,5.3,6.1,75.99,72.79,,,2.9,1.9,14.9,,,1.3
JOR,Jordan,2005,5765635.0,3.27,38.24,3.35,12720,8.1,14.8,,8.9,74.2,71.16,,,8.0,0.1,22.4,6.6,1.7,2.3
JOR,Jordan,2010,7261539.0,5.2,37.48,3.63,26520,2.7,12.5,,8.4,75.1,71.89,75.5,13.3,5.8,0.1,19.7,8.2,1.8,2.3
JOR,Jordan,2019,9956011.0,1.79,34.25,3.85,40708,2.1,14.5,3.6,5.5,76.18,72.73,,,5.0,0.1,17.1,,,2.3
JPN,Japan,2005,127773000.0,0.01,13.83,19.65,4755410,1.7,4.4,,7.8,85.49,78.53,,,24.0,0.1,3.0,2.5,14.1,2.1
JPN,Japan,2010,128070000.0,0.02,13.35,22.5,5700098,4.2,5.1,,9.2,86.3,79.55,80.7,13.0,20.0,0.1,2.6,2.5,,2.2
JPN,Japan,2019,126529100.0,-0.2,12.7,27.58,4872415,1.7,2.4,3.5,10.9,87.32,81.25,,,14.0,0.1,2.2,,,2.4
KEN,Kenya,2005,36624895.0,2.74,44.03,2.08,21506,5.9,10.5,7.3,5.3,56.67,52.82,,,630.0,7.3,62.8,28.2,,0.1
KEN,Kenya,2010,42030676.0,2.72,43.44,1.93,40000,8.4,12.1,5.5,6.1,62.94,58.93,20.7,71.5,531.0,6.0,51.1,23.5,1.4,0.2
KEN,Kenya,2019,51393010.0,2.31,39.78,2.34,74938,4.9,11.4,5.2,4.5,68.68,63.96,,,292.0,4.7,41.6,,,0.2
KGZ,Kyrgyzstan,2005,5162600.0,1.13,30.96,5.64,2460,-0.2,8.1,4.9,7.5,71.9,64.2,,,143.0,0.1,37.8,9.7,5.1,
KGZ,Kyrgyzstan,2010,5447900.0,1.19,29.9,4.52,4794,-0.5,8.6,5.8,7.0,73.5,65.3,76.6,11.9,120.0,0.1,30.2,8.3,4.8,1.9
KGZ,Kyrgyzstan,2019,6322800.0,1.99,32.35,4.49,7565,4.6,7.4,7.2,6.6,75.6,67.4,,,116.0,0.2,19.5,,,1.9
KHM,Cambodia,2005,13273354.0,1.57,37.07,3.39,6293,13.2,2.0,1.7,6.9,65.31,60.74,,,511.0,1.0,65.8,20.0,,0.2
KHM,Cambodia,2010,14312212.0,1.54,33.33,3.73,11242,6.0,0.4,1.5,6.9,68.64,64.31,56.2,33.1,438.0,0.8,44.8,18.8,0.84,0.2
KHM,Cambodia,2019,16249798.0,1.49,31.2,4.57,22121,7.0,0.2,1.9,6.1,71.63,67.31,,,302.0,0.5,30.0,,,0.2
KIR,Kiribati,2005,92325.0,2.0,36.92,3.54,112,5.0,14.7,12.0,11.5,67.7,61.25,,,449.0,,52.3,4.6,1.51,
KIR,Kiribati,2010,102927.0,1.96,36.1,3.57,156,-0.9,30.6,,9.2,69.65,61.94,59.5,32.9,347.0,,51.4,3.7,1.4,0.4
KIR,Kiribati,2019,115847.0,1.47,35.54,3.95,197,3.1,,,11.9,72.11,64.0,,,349.0,,47.9,,,0.2
COM,Comoros (the),2005,611627.0,2.38,42.27,3.0,787,2.8,4.5,3.9,9.9,61.76,58.54,,,36.0,0.1,72.5,,,0.2
COM,Comoros (the),2010,689692.0,2.41,41.04,2.95,907,4.8,4.4,7.7,8.5,63.5,60.27,37.1,52.8,33.0,0.1,66.6,,2.2,0.2
COM,Comoros (the),2019,832322.0,2.24,39.54,3.01,1082,3.4,4.3,4.3,7.6,65.9,62.4,,,35.0,0.1,58.1,,,0.2
KNA,Saint Kitts and Nevis,2005,46857.0,1.14,,,543,8.8,5.1,3.9,4.8,,,,,0.0,,,,5.7,1.1
PRK,Korea (the Democratic People's Republic of),2005,23904167.0,0.72,24.72,7.41,13031,3.8,4.5,,,71.71,64.65,,,513.0,,28.5,35.4,,3.2
PRK,Korea (the Democratic People's Republic of),2010,24548836.0,0.49,22.64,8.76,13945,-0.5,4.6,,,72.86,65.96,77.3,15.3,513.0,,27.3,41.8,14.3,3.3
PRK,Korea (the Democratic People's Republic of),2019,25549819.0,0.47,20.2,9.33,17365,-3.5,4.7,,,75.55,68.44,,,513.0,,18.5,,,3.7
KOR,Korea (the Republic of),2005,48184561.0,0.21,18.83,8.86,898137,3.9,3.7,3.9,4.9,81.6,74.9,,,94.0,,5.0,2.5,,1.8
KOR,Korea (the Republic of),2010,49554112.0,0.5,16.1,10.69,1094499,6.5,3.7,4.7,6.2,83.6,76.8,80.0,7.1,95.0,,3.5,2.5,,2.0
KOR,Korea (the Republic of),2019,51606633.0,0.48,12.97,14.42,1530751,3.1,3.6,5.3,7.3,85.7,79.7,,,66.0,,3.0,,,2.4
KWT,Kuwait,2005,2270198.0,3.12,25.97,2.16,80798,10.6,2.0,4.7,2.4,74.66,72.81,,,26.0,0.1,10.4,2.5,1.9,
KWT,Kuwait,2010,2991884.0,5.88,23.22,2.0,115416,-2.4,1.8,3.8,2.8,75.42,73.63,75.7,11.2,37.0,0.1,9.7,2.5,2.0,2.4
KWT,Kuwait,2019,4137309.0,1.98,21.54,2.55,119534,-3.5,2.0,,3.9,76.47,74.67,,,23.0,0.1,8.2,,,2.6
KAZ,Kazakhstan,2005,15147029.0,0.89,24.48,7.69,57124,9.7,8.1,2.3,3.9,71.8,60.3,,,187.0,0.1,32.0,5.9,7.8,
KAZ,Kazakhstan,2010,16321872.0,1.41,24.05,6.81,148047,7.3,5.8,3.1,2.7,73.32,63.51,82.7,6.8,145.0,0.1,23.9,3.1,7.3,3.5
KAZ,Kazakhstan,2019,18272430.0,1.29,28.46,7.39,159407,4.0,5.2,2.9,3.5,77.19,68.84,,,68.0,0.2,14.1,,,3.3
LAO,Lao People's Democratic Republic (the),2005,5751676.0,1.57,40.31,3.66,2946,6.8,1.4,2.4,3.3,63.46,59.78,,,270.0,0.2,70.0,27.0,1.2,0.3
LAO,Lao People's Democratic Republic (the),2010,6249165.0,1.62,36.43,3.68,7313,8.1,0.7,1.7,2.9,66.11,62.48,51.7,39.5,221.0,0.3,57.5,21.1,0.7,0.8
LAO,Lao People's Democratic Republic (the),2019,7061507.0,1.55,32.6,4.08,16853,6.9,0.7,2.9,2.4,69.42,65.84,,,162.0,0.3,47.0,,,0.5
LBN,Lebanon,2005,4698763.0,2.79,30.35,5.94,21490,2.7,8.1,2.7,7.6,78.72,75.08,,,9.6,0.1,13.8,3.4,3.6,3.4
LBN,Lebanon,2010,4953061.0,2.87,25.82,6.36,38420,8.0,6.4,1.6,7.4,80.33,76.6,89.4,4.1,12.0,0.1,10.6,4.5,3.5,2.7
LBN,Lebanon,2019,6848925.0,0.54,26.1,7.0,53394,0.6,6.7,2.5,8.0,80.82,77.08,,,11.0,0.1,9.6,,,2.3
LCA,Saint Lucia,2005,163417.0,0.98,27.76,7.18,935,-1.7,18.7,5.1,5.4,75.67,72.62,,,9.9,,15.7,,3.0,0.5
LCA,Saint Lucia,2010,174085.0,1.08,23.22,8.51,1382,0.2,20.6,3.9,5.7,76.31,73.46,81.6,8.9,5.9,,16.3,,,0.1
LCA,Saint Lucia,2019,181889.0,0.51,18.53,9.81,1718,3.0,19.8,5.7,5.3,77.43,74.72,,,3.2,,16.0,,,
LKA,Sri Lanka,2005,19544988.0,0.81,25.58,6.84,27932,6.2,7.7,,4.0,78.36,71.25,,,66.0,0.1,11.8,18.2,,0.5
LKA,Sri Lanka,2010,20261737.0,0.68,25.38,7.43,56726,8.0,4.9,1.7,3.9,78.93,72.0,80.4,8.2,66.0,0.1,10.2,13.8,3.5,0.7
LKA,Sri Lanka,2019,21670000.0,1.05,24.2,10.47,87357,3.3,4.2,2.8,3.9,80.12,73.42,,,64.0,0.1,8.8,,,1.0
LBR,Liberia,2005,3218116.0,2.6,42.87,3.39,706,5.3,5.6,,8.8,56.78,54.02,,,267.0,2.1,100.3,39.4,,0.0
LBR,Liberia,2010,3891356.0,3.59,43.03,3.34,1292,7.3,2.3,3.2,8.8,61.26,57.98,26.9,64.4,293.0,1.7,72.9,36.5,0.8,0.0
LBR,Liberia,2019,4818977.0,2.45,41.12,3.25,2763,2.5,2.4,3.8,9.6,65.11,62.35,,,308.0,1.3,60.1,,,0.0
LSO,Lesotho,2005,1996114.0,-0.49,37.16,4.42,1560,2.7,37.2,12.1,5.1,45.1,40.57,,,1280.0,23.8,79.0,11.7,,0.0
LSO,Lesotho,2010,1995581.0,0.27,34.89,4.68,2386,6.1,25.9,11.4,7.7,48.07,42.41,32.4,59.3,1120.0,24.1,74.9,12.7,,0.1
LSO,Lesotho,2019,2108132.0,0.8,32.72,4.9,2632,-1.6,28.2,6.4,8.1,56.95,50.58,,,611.0,23.6,65.4,,,
LTU,Lithuania,2005,3322528.0,-1.63,16.77,15.99,26141,7.7,8.3,4.9,5.6,77.4,65.4,,,73.0,,7.7,2.5,7.3,
LTU,Lithuania,2010,3097282.0,-2.1,14.77,17.27,37130,1.6,17.8,5.3,6.8,78.8,68.0,89.2,2.4,64.0,,6.0,2.5,7.2,3.9
LTU,Lithuania,2019,2801543.0,-0.95,14.88,19.71,47544,4.1,6.8,4.2,6.7,80.9,71.9,,,44.0,,4.4,,,4.3
LUX,Luxembourg,2005,465158.0,1.53,18.62,14.42,37346,3.2,4.5,3.6,7.2,82.3,76.7,,,9.3,0.2,5.0,2.5,5.8,
LUX,Luxembourg,2010,506953.0,1.83,17.64,13.99,53212,4.9,4.4,,7.0,83.5,77.9,87.3,6.1,6.6,0.2,2.3,2.5,5.4,2.8
LUX,Luxembourg,2019,607950.0,1.93,15.88,14.18,62316,1.5,5.2,3.9,6.2,84.4,79.9,,,8.0,0.3,3.4,,,3
LVA,Latvia,2005,2238799.0,-1.08,14.68,16.86,16922,10.7,10.0,4.9,5.9,77.4,65.6,,,72.0,0.3,9.9,2.5,7.9,3.6
LVA,Latvia,2010,2097555.0,-2.08,14.09,18.18,23765,-3.9,19.5,5.1,6.1,78.4,68.8,91.2,2.3,50.0,0.3,7.8,2.5,5.7,3.1
LVA,Latvia,2019,1927174.0,-0.78,16.0,20.04,30463,4.6,8.5,5.3,6.2,79.8,69.8,,,29.0,0.4,5.2,,,3.2
LBY,Libya,2005,5798614.0,1.54,30.17,3.99,45451,10.3,20.0,,2.6,74.12,69.99,,,40.0,0.1,21.5,,3.4,1.2
LBY,Libya,2010,6197663.0,1.03,28.75,4.17,80942,4.3,18.6,,3.6,74.95,69.47,78.8,9.7,40.0,0.2,17.6,,3.7,2.0
LBY,Libya,2019,6678567.0,1.48,28.32,4.39,25127,64.0,15.0,,6.1,75.79,69.9,,,40.0,0.2,13.0,,,2.2
MAR,Morocco,2005,30455561.0,1.12,30.75,5.76,62545,3.0,11.0,,4.8,73.09,70.34,,,99.0,0.1,36.6,5.7,0.9,0.5
MAR,Morocco,2010,32343389.0,1.29,28.51,6.14,93217,4.0,9.1,5.3,5.9,75.66,73.05,75.2,17.3,101.0,0.1,26.6,5.2,1.1,0.6
MAR,Morocco,2019,36029138.0,1.25,27.21,7.01,109709,5.6,9.3,,5.8,77.67,75.19,,,99.0,0.1,24.2,,,0.7
MDA,Moldova (the Republic of),2005,2888111.0,,18.52,9.93,2988,7.5,7.3,7.2,9.6,71.68,63.92,,,142.0,0.4,18.8,,6.4,
MDA,Moldova (the Republic of),2010,2861487.0,,16.52,10.15,5812,7.1,7.4,9.1,12.2,73.64,65.58,88.2,4.5,116.0,0.5,15.6,,6.2,2.4
MDA,Moldova (the Republic of),2019,2706049.0,,15.86,11.47,8128,4.5,4.3,6.7,9.0,76.07,67.53,,,86.0,0.6,14.2,,,3.2
MNE,Montenegro,2005,614261.0,0.15,20.18,13.06,2279,4.2,30.3,,,76.17,71.11,,,29.0,0.1,11.6,,4.2,
MNE,Montenegro,2010,619428.0,0.18,19.24,12.97,4139,2.7,19.7,,,77.47,72.79,94.0,1.7,20.0,0.1,10.9,2.5,4.0,2
MNE,Montenegro,2019,622227.0,-0.02,18.21,14.97,4845,4.7,16.2,,,79.2,74.32,,,15.0,0.1,4.3,,,2.3
MDG,Madagascar,2005,18336724.0,2.95,44.71,2.91,5942,4.6,2.3,3.8,5.5,62.54,59.9,,,262.0,0.2,58.0,35.0,0.3,0.2
MDG,Madagascar,2010,21151640.0,2.79,43.52,2.83,10250,0.7,3.8,3.2,5.3,64.86,61.93,38.9,50.8,241.0,0.2,45.5,31.8,0.2,0.2
MDG,Madagascar,2019,26262368.0,2.67,40.67,2.99,13208,1.2,1.8,2.8,6.0,68.3,65.08,,,233.0,0.3,36.8,,,0.2
MKD,Republic of North Macedonia,2005,2060273.0,0.16,20.21,11.0,6259,4.7,37.2,3.3,7.7,76.38,71.68,,,36.0,0.1,12.9,6.1,4.7,
MKD,Republic of North Macedonia,2010,2070741.0,0.08,17.91,11.6,9407,3.4,32.0,,6.7,76.71,72.66,95.1,1.9,23.0,0.1,10.8,4.4,4.6,2.7
MKD,Republic of North Macedonia,2019,2082958.0,0.05,16.52,13.67,11280,0.2,22.0,,6.3,77.74,73.68,,,13.0,0.1,8.9,,,2.9
MLI,Mali,2005,12775516.0,3.23,46.87,2.93,6245,10.4,9.5,3.5,5.0,52.68,51.43,,,69.0,1.5,106.5,11.1,0.3,0.1
MLI,Mali,2010,15049353.0,3.16,47.49,2.74,10679,10.9,8.1,3.3,4.4,55.87,54.62,27.1,64.8,63.0,1.4,89.1,6.9,0.1,0.1
MLI,Mali,2019,19077690.0,3.01,47.54,2.51,15236,6.9,8.1,3.1,3.8,59.65,58.14,,,53.0,1.4,78.5,,,0.1
MMR,Myanmar,2005,48949924.0,0.79,31.18,4.63,11931,13.6,0.8,,2.0,64.79,58.43,,,545.0,0.8,57.8,32.0,,0.4
MMR,Myanmar,2010,50600818.0,0.69,30.05,4.81,41445,10.2,0.8,,1.9,66.93,60.1,60.4,31.4,500.0,0.8,52.0,16.9,,0.5
MMR,Myanmar,2019,53708395.0,0.61,26.37,5.78,67102,6.8,0.8,2.2,5.1,69.87,63.76,,,338.0,0.8,43.7,,,0.9
MNG,Mongolia,2005,2526424.0,1.2,28.93,3.72,2926,7.3,3.3,4.3,3.2,69.08,61.5,,,428.0,0.1,40.8,31.0,,2.8
MNG,Mongolia,2010,2719896.0,1.71,27.02,3.8,7189,6.4,6.6,4.6,3.4,71.6,63.49,76.5,12.0,428.0,0.1,30.5,20.8,5.8,2.8
MNG,Mongolia,2019,3170208.0,1.8,30.41,4.08,11135,5.1,6.2,4.1,3.8,73.96,65.63,,,428.0,0.1,22.8,,,2.9
MAC,Macao,2005,482858.0,2.36,17.02,7.1,12092,8.1,4.2,2.3,,84.25,78.65,,,95.0,,4.9,14.6,,
MAC,Macao,2010,538219.0,2.22,12.97,6.8,28124,25.3,2.8,2.6,,85.57,79.72,,,84.0,,3.8,13.7,,
MAC,Macao,2019,631636.0,1.44,13.65,10.48,50361,9.1,2.0,3.1,,87.05,81.15,,,60.0,,3.1,,,
MRT,Mauritania,2005,3024194.0,2.85,42.23,3.2,2184,9.0,10.6,2.5,4.5,63.17,59.48,,,181.0,0.5,69.2,12.1,,0.1
MRT,Mauritania,2010,3494195.0,2.93,41.25,3.15,4338,4.8,10.2,3.6,3.3,64.29,60.71,31.2,60.3,135.0,0.4,65.6,8.2,,0.2
MRT,Mauritania,2019,4403319.0,2.78,40.08,3.14,4992,3.5,9.9,2.6,4.2,66.29,63.08,,,93.0,0.2,58.9,,,0.2
MLT,Malta,2005,403834.0,0.64,17.43,13.69,6393,3.8,6.9,4.5,8.7,81.4,77.3,,,6.3,,5.7,2.5,7.4,
MLT,Malta,2010,414508.0,0.49,14.99,15.69,8741,3.5,6.8,6.5,8.2,83.6,79.3,91.2,5.2,8.1,,5.6,2.5,4.5,3.1
MLT,Malta,2019,484630.0,3.49,14.28,20.35,12553,6.7,3.8,5.3,9.3,84.6,80.2,,,14.0,,5.5,,,3.8
MUS,Mauritius,2005,1228254.0,0.59,24.73,6.59,6775,1.8,9.6,4.2,3.7,75.91,69.12,,,13.0,1.0,13.3,5.2,3.0,1.1
MUS,Mauritius,2010,1250400.0,0.24,21.94,7.63,10004,4.4,7.7,3.6,4.7,76.65,69.46,85.9,7.9,12.0,1.3,13.2,4.8,,1.2
MUS,Mauritius,2019,1265303.0,0.05,17.79,11.47,13366,3.9,7.0,5.0,5.7,77.72,71.27,,,13.0,1.3,12.0,,,2.0
MDV,Maldives,2005,319608.0,2.65,31.47,4.43,1163,-13.1,3.8,5.0,8.8,74.89,72.57,,,48.0,,26.6,18.2,2.6,1.0
MDV,Maldives,2010,365734.0,3.43,25.29,4.56,2588,7.3,4.6,4.1,8.5,77.38,74.71,84.0,9.3,32.0,,14.8,11.7,,1.4
MDV,Maldives,2019,515696.0,3.81,20.15,3.7,4866,6.9,4.9,4.3,10.6,80.5,77.23,,,33.0,,9.0,,,1.0
MWI,Malawi,2005,12625952.0,2.6,46.38,2.87,3656,3.3,7.8,3.2,6.1,50.38,45.5,,,398.0,12.2,86.9,26.1,,0.0
MWI,Malawi,2010,14539612.0,2.87,46.35,2.66,6868,5.5,6.7,3.5,7.2,58.4,52.81,22.6,71.2,310.0,10.6,68.4,21.8,,0.0
MWI,Malawi,2019,18143315.0,2.64,43.9,2.65,6339,5.1,6.0,4.0,9.8,66.94,60.65,,,181.0,9.2,52.6,,,0.0
MEX,Mexico,2005,106005203.0,1.42,31.84,5.62,877477,2.3,3.6,4.8,5.8,78.0,72.58,,,22.0,0.2,20.1,5.5,,1.9
MEX,Mexico,2010,114092963.0,1.44,29.51,6.14,1057801,5.1,5.3,5.2,5.8,77.98,72.14,75.9,11.1,22.0,0.2,17.1,4.6,1.7,2.2
MEX,Mexico,2019,126190788.0,1.13,26.56,7.22,1158229,2.1,3.3,5.2,5.5,77.84,72.12,,,23.0,0.2,15.2,,,2.2
MYS,Malaysia,2005,25690611.0,1.97,30.45,4.42,143534,5.3,3.5,5.9,2.8,75.82,71.5,,,69.0,0.4,7.6,3.9,1.8,0.7
MYS,Malaysia,2010,28208035.0,1.69,27.96,4.94,255018,7.4,3.2,5.0,3.2,76.73,72.5,71.1,19.5,75.0,0.4,7.0,3.7,1.8,1.2
MYS,Malaysia,2019,31528585.0,1.35,24.0,6.67,314707,5.9,3.3,4.7,3.8,78.17,74.08,,,92.0,0.4,6.4,,,1.5
MOZ,Mozambique,2005,20493925.0,2.89,45.2,3.17,7724,8.7,21.7,4.4,6.4,52.48,48.21,,,523.0,11.1,98.8,37.0,,0.0
MOZ,Mozambique,2010,23531574.0,2.74,45.73,3.01,10154,6.7,22.2,4.3,5.1,54.69,49.82,22.7,70.6,545.0,12.0,78.7,28.5,,0.0
MOZ,Mozambique,2019,29495962.0,2.91,44.67,2.89,12652,3.7,24.8,6.5,5.1,62.97,57.11,,,551.0,12.6,62.8,,,0.1
NAM,Namibia,2005,1938320.0,1.59,39.44,3.76,7121,2.5,22.2,6.1,12.4,52.41,49.33,,,1250.0,13.8,51.1,25.1,,0.3
NAM,Namibia,2010,2118874.0,1.8,37.41,4.12,11282,6.0,22.1,8.3,9.5,58.6,54.59,37.7,53.2,892.0,13.4,43.5,37.4,,0.4
NAM,Namibia,2019,2448255.0,1.88,36.91,3.64,13245,-0.8,23.2,3.1,9.1,66.18,60.36,,,524.0,11.8,38.6,,,
NCL,New Caledonia,2005,232250.0,1.52,27.93,6.1,6236,3.6,15.8,,,79.0,72.6,,,23.0,,17.3,8.2,,
NCL,New Caledonia,2010,249750.0,1.53,25.83,7.11,9355,6.9,14.2,,,80.2,74.46,,,22.0,,15.1,7.7,,
NCL,New Caledonia,2019,284060.0,1.31,22.74,9.17,9894,2.7,14.8,,,79.3,75.1,,,15.0,,13.0,,,
NER,Niger (the),2005,13624467.0,3.73,49.19,2.44,3369,7.4,3.1,2.4,7.5,54.21,52.64,,,143.0,0.6,85.2,15.1,0.3,0.0
NER,Niger (the),2010,16464025.0,3.84,50.04,2.5,5719,8.4,0.9,3.7,6.5,58.35,56.36,23.2,67.7,113.0,0.4,67.6,11.3,,0.0
NER,Niger (the),2019,22442948.0,3.82,49.98,2.6,8120,4.9,0.4,3.5,6.2,63.21,60.9,,,87.0,0.3,55.9,,,0.0
NGA,Nigeria,2005,138865016.0,2.59,43.67,2.74,180502,6.5,4.3,,3.8,49.03,47.5,,,219.0,1.7,104.0,6.5,,0.3
NGA,Nigeria,2010,158503197.0,2.67,44.04,2.74,369062,7.8,3.9,,3.3,51.66,50.16,25.6,67.0,219.0,1.6,89.3,6.2,,0.2
NGA,Nigeria,2019,195874740.0,2.59,43.87,2.75,375770,0.8,7.0,,3.6,55.24,53.45,,,219.0,1.5,75.0,,,0.4
NIC,Nicaragua,2005,5438690.0,1.37,36.22,4.16,6300,4.3,5.4,2.4,5.5,74.27,68.08,,,44.0,0.2,26.4,24.4,0.9,0.5
NIC,Nicaragua,2010,5824065.0,1.36,33.32,4.53,8759,4.4,7.8,4.5,6.5,75.63,69.18,71.4,14.6,53.0,0.2,23.1,20.9,0.8,0.7
NIC,Nicaragua,2019,6465513.0,1.26,30.2,5.25,13814,4.9,4.5,4.3,8.7,77.77,70.74,,,41.0,0.2,17.8,,,1.0
NLD,Netherlands (the),2005,16319868.0,0.23,18.32,14.13,685076,2.2,4.7,5.2,9.3,81.6,77.2,,,7.9,0.2,4.9,2.5,4.5,
NLD,Netherlands (the),2010,16615394.0,0.51,17.52,15.44,846555,1.4,4.4,5.6,10.4,82.7,78.8,89.4,6.4,7.1,0.2,4.1,2.5,,3
NLD,Netherlands (the),2019,17231624.0,0.58,16.11,19.2,830573,3.2,3.4,5.4,10.4,83.4,80.2,,,5.3,,3.5,,,3.5
NOR,Norway,2005,4623291.0,0.68,19.61,14.82,308722,2.6,4.4,6.9,8.3,82.5,77.7,,,6.9,0.1,3.5,2.5,5.2,
NOR,Norway,2010,4889252.0,1.25,18.81,14.89,429131,0.7,3.5,6.7,8.9,83.2,78.9,87.8,6.8,6.9,0.1,3.0,2.5,4.3,4.1
NOR,Norway,2019,5311916.0,0.66,17.55,17.05,399470,2.0,3.8,7.6,10.5,84.4,81.3,,,4.1,0.1,2.4,,,4.6
NPL,Nepal,2005,25744500.0,1.27,39.27,4.3,8259,3.5,1.5,3.4,4.5,66.53,64.0,,,163.0,0.2,53.7,16.0,,0.2
NPL,Nepal,2010,27013212.0,0.48,36.29,5.01,16281,4.8,2.1,3.6,5.0,69.01,66.29,58.6,32.1,163.0,0.2,42.6,10.1,,
NPL,Nepal,2019,28087871.0,1.65,30.41,5.73,24870,7.5,2.6,5.1,6.3,71.9,68.99,,,151.0,0.1,33.8,,,0.7
NZL,New Zealand,2005,4133900.0,1.13,21.54,12.06,114721,3.3,3.8,6.3,8.3,81.9,77.9,,,9.2,0.1,5.4,2.5,,2.1
NZL,New Zealand,2010,4350700.0,1.11,20.5,13.05,146584,1.0,6.1,7.0,9.6,82.7,78.8,89.9,3.5,7.9,0.1,5.0,2.5,,2.6
NZL,New Zealand,2019,4841000.0,0.98,19.65,15.65,202044,2.8,5.2,6.3,9.2,83.6,80.2,,,7.3,0.1,4.4,,,3.0
OMN,Oman,2005,2511251.0,2.65,32.48,2.59,31082,2.5,4.2,3.5,2.6,76.61,72.35,,,12.0,0.1,14.6,10.5,2.1,1.7
OMN,Oman,2010,3041434.0,5.59,25.69,2.69,57048,2.0,4.0,4.2,2.7,78.16,73.86,71.4,11.5,12.0,0.1,9.8,5.6,1.8,1.9
OMN,Oman,2019,4829483.0,3.45,22.25,2.39,70784,-0.9,3.2,6.7,4.3,80.13,75.89,,,5.9,0.2,9.6,,,2.0
PAN,Panama,2005,3330217.0,1.84,30.43,6.08,15714,7.2,10.3,3.6,6.2,78.68,73.27,,,61.0,0.8,20.6,22.9,2.2,1.3
PAN,Panama,2010,3642687.0,1.76,29.13,6.76,29440,5.8,6.5,3.5,7.0,79.84,73.93,70.3,17.8,53.0,0.8,17.8,13.2,2.4,1.4
PAN,Panama,2019,4176873.0,1.69,27.06,8.1,61838,5.4,4.7,3.2,7.3,81.59,75.24,,,52.0,0.9,16.0,,,1.6
PER,Peru,2005,27866145.0,0.87,32.05,5.49,76080,6.3,4.9,2.8,4.6,75.26,70.56,,,151.0,0.4,24.9,19.6,,
PER,Peru,2010,29027674.0,0.81,30.1,6.22,147528,8.3,3.5,2.9,4.7,76.89,71.97,66.5,22.9,134.0,0.3,18.1,11.2,1.5,0.9
PER,Peru,2019,31989256.0,1.72,25.79,8.09,211403,2.5,3.7,3.9,5.1,79.28,73.83,,,123.0,0.3,14.1,,,1.3
PYF,French Polynesia,2005,258780.0,1.08,28.16,5.0,5703,1.4,11.8,,,76.8,71.77,,,28.0,,9.4,3.9,,
PYF,French Polynesia,2010,266455.0,0.45,25.48,6.35,6081,-2.5,18.0,,,78.03,73.46,,,18.0,,8.8,4.2,,
PYF,French Polynesia,2019,277679.0,0.57,22.76,8.29,5606,2.3,20.2,,,79.72,75.4,,,22.0,,6.9,,,
PNG,Papua New Guinea,2005,6494903.0,2.19,39.18,3.18,7312,3.9,2.5,,2.5,61.92,59.24,,,432.0,1.0,58.2,,,0.0
PNG,Papua New Guinea,2010,7310507.0,2.29,38.3,3.32,14251,10.1,2.0,,2.1,63.45,60.7,46.5,46.1,432.0,0.8,54.5,,,0.1
PNG,Papua New Guinea,2019,8606316.0,1.97,35.82,3.45,22006,-1.5,2.7,,2.0,65.58,63.04,,,432.0,0.8,48.3,,,
PHL,Philippines (the),2005,86326250.0,1.89,37.06,3.49,103072,4.8,3.8,2.4,3.9,72.85,65.6,,,539.0,0.1,27.9,16.3,,1.2
PHL,Philippines (the),2010,93966780.0,1.67,33.99,4.14,199591,7.6,3.6,2.7,4.3,74.01,65.96,65.7,26.8,531.0,0.1,25.5,13.3,0.5,1.3
PHL,Philippines (the),2019,106651922.0,1.4,30.96,5.12,313595,6.7,1.8,,4.4,75.39,67.12,,,554.0,0.1,23.7,,,
PAK,Pakistan,2005,160304008.0,2.3,39.97,4.1,117708,7.7,7.7,2.3,2.7,64.89,63.1,,,276.0,0.1,82.9,23.3,0.7,0.8
PAK,Pakistan,2010,179424641.0,2.2,37.69,4.24,174508,1.6,0.6,2.3,2.6,66.23,64.38,52.3,39.1,276.0,0.1,75.6,21.1,0.6,0.8
PAK,Pakistan,2019,212215030.0,2.06,35.27,4.31,302139,5.7,4.3,2.8,2.8,68.11,66.19,,,265.0,0.1,68.1,,,1.0
POL,Poland,2005,38165445.0,-0.04,16.61,13.08,306127,3.5,17.8,5.4,5.8,79.4,70.8,,,25.0,,7.1,2.5,6.5,
POL,Poland,2010,38042794.0,-0.29,15.22,13.47,479321,3.6,9.6,5.1,6.4,80.6,72.1,90.2,3.9,21.0,,5.7,2.5,6.5,2.2
POL,Poland,2019,37974750.0,-0.0,15.05,17.52,526212,4.8,4.4,4.8,6.5,81.8,73.9,,,16.0,,4.4,,,2.4
PRI,Puerto Rico,2005,3821362.0,-0.14,22.27,12.19,83915,-2.0,11.4,,,82.45,74.34,,,3.6,,8.0,,,
PRI,Puerto Rico,2010,3721525.0,-0.51,20.63,13.11,98381,-0.4,16.4,,,82.26,74.76,,,2.6,,7.2,,,
PRI,Puerto Rico,2019,3195153.0,-3.98,16.84,18.67,104219,-2.4,10.3,6.1,,83.38,76.35,,,0.95,,6.4,,,
PSE,"Palestine, State of",2005,3320396.0,2.56,45.52,2.52,4832,10.8,23.5,,,73.69,70.43,,,0.98,,23.7,,,
PSE,"Palestine, State of",2010,3786161.0,2.6,42.29,2.75,8913,8.1,23.7,6.7,,74.56,71.1,,,0.96,,21.0,,,
PSE,"Palestine, State of",2019,4569087.0,2.53,38.95,3.13,14498,3.1,26.4,5.3,,75.6,72.26,,,0.77,,19.3,,,
PRT,Portugal,2005,10503330.0,0.19,15.44,17.2,197300,0.8,7.6,5.1,9.4,81.4,74.9,,,36.0,0.6,4.5,2.5,3.6,3.4
PRT,Portugal,2010,10573100.0,0.05,14.97,18.66,238303,1.9,10.8,5.4,9.8,82.1,76.1,86.6,9.1,28.0,0.6,3.3,2.5,3.4,3.8
PRT,Portugal,2019,10283822.0,-0.16,13.46,21.95,195041,0.9,6.7,4.9,9.1,84.9,78.7,,,24.0,0.5,2.9,,,3.3
PLW,Palau,2005,19781.0,-0.43,,,191,0.2,4.2,7.6,9.0,72.1,66.3,,,58.0,,,,,
PRY,Paraguay,2005,5824096.0,1.62,35.5,4.74,8735,2.1,4.8,3.4,5.0,73.73,69.72,,,43.0,0.6,27.1,11.9,1.2,1.2
PRY,Paraguay,2010,6248020.0,1.35,32.94,5.22,20048,13.1,4.6,3.8,6.2,74.69,70.74,71.8,15.6,42.0,0.5,24.1,12.2,1.3,
PRY,Paraguay,2019,6956071.0,1.29,29.44,6.43,29435,4.3,4.6,4.5,8.0,76.25,72.16,,,43.0,0.5,20.8,,,1.4
QAT,Qatar,2005,865416.0,13.87,21.7,1.3,44530,7.5,1.2,4.0,2.6,79.83,77.22,,,43.0,,9.8,,2.4,2.5
QAT,Qatar,2010,1856327.0,11.48,12.89,0.71,125122,16.7,0.4,4.5,1.8,80.73,77.93,65.3,5.5,36.0,,8.3,,1.2,3.9
QAT,Qatar,2019,2781677.0,2.07,13.54,1.37,167605,1.6,0.1,2.9,3.1,81.88,78.98,,,31.0,,7.3,,,0.0
ROU,Romania,2005,21319685.0,-0.62,15.74,15.23,99699,4.2,7.2,3.5,5.5,75.57,68.37,,,140.0,0.1,16.9,2.5,6.8,2.0
ROU,Romania,2010,20246871.0,-0.59,15.78,15.67,166658,-2.8,7.0,3.5,5.8,77.3,69.8,92.2,3.5,104.0,0.1,12.0,2.5,6.3,2.5
ROU,Romania,2019,19466145.0,-0.62,15.53,18.34,211804,6.9,5.0,3.1,5.0,79.2,71.8,,,68.0,0.1,8.4,,,2.3
SRB,Serbia,2005,7440769.0,-0.3,18.71,14.4,26252,5.5,20.8,,8.7,75.6,70.2,,,40.0,0.1,9.5,,5.9,
SRB,Serbia,2010,7291436.0,-0.4,17.34,14.74,39460,0.6,19.2,4.6,10.1,77.0,71.8,95.0,1.7,30.0,0.1,7.1,5.9,5.6,2.5
SRB,Serbia,2019,6982604.0,-0.55,15.69,18.35,41590,2.0,12.2,3.9,9.1,78.1,73.1,,,17.0,0.1,6.1,,,3.1
RUS,Russian Federation (the),2005,143518523.0,-0.38,15.17,13.82,771495,6.4,7.2,3.8,4.8,72.47,58.92,,,87.0,,16.2,2.5,9.7,
RUS,Russian Federation (the),2010,142849449.0,0.04,14.93,13.11,1539845,4.5,7.4,4.1,5.0,74.88,63.09,86.3,4.6,85.0,,10.7,2.5,8.8,2.4
RUS,Russian Federation (the),2019,144478050.0,-0.01,17.91,14.67,1577524,1.5,4.9,3.8,5.3,77.81,67.75,,,54.0,,8.3,,,4
RWA,Rwanda,2005,8840215.0,1.82,42.36,2.78,2581,9.4,1.7,5.7,8.8,56.44,54.01,,,102.0,3.8,94.3,44.5,,
RWA,Rwanda,2010,10039338.0,2.59,41.54,2.57,5772,7.3,3.0,4.9,8.6,65.11,61.67,35.2,52.5,83.0,3.3,62.7,34.0,,
RWA,Rwanda,2019,12301939.0,2.64,39.98,2.94,9136,6.1,1.4,3.2,6.8,70.78,66.52,,,59.0,2.5,39.4,,,0.1
SAU,Saudi Arabia,2005,23816183.0,2.91,33.87,2.96,328461,5.6,6.0,5.4,3.4,74.88,71.88,,,17.0,,16.3,7.9,2.3,0.7
SAU,Saudi Arabia,2010,27421461.0,2.93,29.7,2.97,528207,5.0,5.6,5.1,3.7,75.53,72.62,71.6,12.6,19.0,,12.2,7.0,2.2,2.4
SAU,Saudi Arabia,2019,33699947.0,1.8,25.04,3.31,683827,-0.7,5.3,,5.7,76.61,73.8,,,10.0,,8.7,,,2.4
SLB,Solomon Islands,2005,469918.0,2.45,41.31,3.02,429,12.8,2.2,,10.1,70.83,67.69,,,106.0,,24.6,11.9,1.4,0.2
SLB,Solomon Islands,2010,527861.0,2.43,40.75,3.34,720,10.6,2.1,9.9,7.3,72.55,69.07,64.9,25.7,80.0,,23.0,10.6,,0.2
SLB,Solomon Islands,2019,652858.0,2.61,40.24,3.6,1212,3.5,2.1,,5.2,74.7,71.16,,,74.0,,20.2,,,0.2
SYC,Seychelles,2005,82858.0,0.46,24.97,6.98,919,9.0,5.5,5.4,3.9,77.1,67.4,,,18.0,,11.9,,,1.2
SYC,Seychelles,2010,89770.0,2.79,22.81,7.57,970,5.9,,4.8,3.6,77.5,69.1,79.1,12.3,21.0,,12.2,,,1.1
SYC,Seychelles,2019,96762.0,0.95,23.64,7.59,1487,6.3,4.1,4.4,3.9,77.4,68.5,,,18.0,,12.4,,,0.9
SDN,Sudan (the),2005,30949516.0,2.4,43.47,3.12,,,13.1,1.6,4.1,62.49,58.64,,,,0.2,61.8,,0.7,0.3
SDN,Sudan (the),2010,34545013.0,2.23,42.99,3.27,54459,8.8,12.8,2.2,5.0,64.54,61.03,46.4,41.9,,0.2,53.2,,0.7,0.3
SDN,Sudan (the),2019,41801533.0,2.39,40.51,3.58,120266,3.2,12.7,,5.7,66.95,63.28,,,71.0,0.2,47.8,,,0.4
SWE,Sweden,2005,9029572.0,0.4,17.4,17.31,389489,2.8,7.7,6.6,8.3,82.8,78.4,,,6.9,,3.2,2.5,2.9,
SWE,Sweden,2010,9378126.0,0.85,16.51,18.22,488909,6.0,8.6,6.6,8.5,83.5,79.5,90.7,4.5,7.5,,2.6,2.5,2.7,3.9
SWE,Sweden,2019,10175214.0,1.16,17.58,20.1,535607,2.1,6.3,7.6,10.9,84.1,81.0,,,5.5,,2.4,,,5.4
SGP,Singapore,2005,4265762.0,2.35,17.23,7.17,127418,7.5,5.6,3.2,3.0,82.5,77.6,,,37.0,0.2,2.5,,3.2,1.5
SGP,Singapore,2010,5076732.0,1.77,13.99,7.26,236420,15.2,3.2,3.1,3.2,84.0,79.2,77.1,18.3,35.0,0.3,2.2,,,1.7
SGP,Singapore,2019,5638676.0,0.47,12.28,11.46,323901,3.6,1.7,2.9,4.5,85.4,81.0,,,47.0,0.2,2.1,,,2.3
SVN,Slovenia,2005,2000474.0,0.17,13.97,15.5,36345,4.0,6.5,5.6,8.0,81.3,74.1,,,16.0,0.1,4.0,2.5,4.8,
SVN,Slovenia,2010,2048583.0,0.44,13.99,16.69,48014,1.2,7.2,5.6,8.6,82.7,76.3,88.3,3.8,9.5,0.1,3.2,2.5,4.6,2.4
SVN,Slovenia,2019,2073894.0,0.36,15.02,19.61,48456,4.9,6.0,4.9,8.5,84.0,78.2,,,5.3,0.1,2.2,,,3
SVK,Slovakia,2005,5372807.0,0.01,16.82,11.64,48965,6.8,16.3,3.8,6.6,77.9,70.1,,,15.0,0.1,7.3,6.2,6.8,
SVK,Slovakia,2010,5391428.0,0.09,15.34,12.45,89501,5.0,14.4,4.1,7.8,78.8,71.6,89.7,5.0,8.7,0.1,6.2,4.3,6.4,3.3
SVK,Slovakia,2019,5446771.0,0.14,15.45,15.63,95618,3.2,7.0,4.6,7.1,80.7,73.8,,,5.8,0.1,5.4,,,2.5
SLE,Sierra Leone,2005,5645624.0,3.82,43.74,3.15,1650,4.5,3.6,2.8,11.0,45.25,43.73,,,316.0,1.5,141.9,37.0,,0.0
SLE,Sierra Leone,2010,6415634.0,2.25,43.04,3.06,2578,5.3,4.3,2.6,10.9,50.23,48.5,27.5,65.0,317.0,1.5,122.1,27.0,,0.0
SLE,Sierra Leone,2019,7650154.0,2.14,41.06,2.97,3740,3.8,4.2,4.6,16.5,55.11,53.47,,,298.0,1.5,97.1,,,0.0
SEN,Senegal,2005,11090116.0,2.56,43.74,3.22,11267,5.6,9.0,5.1,4.6,62.09,59.08,,,141.0,0.7,61.1,21.6,,0.1
SEN,Senegal,2010,12678148.0,2.74,43.51,3.16,16725,4.2,10.2,6.5,4.9,65.83,62.62,38.5,50.4,132.0,0.6,47.5,13.1,,0.1
SEN,Senegal,2019,15854360.0,2.78,43.06,3.09,21126,6.7,4.8,6.2,5.6,69.63,65.5,,,118.0,0.4,38.3,,,0.1
SOM,Somalia,2005,10446863.0,3.08,47.89,2.64,2316,3.0,5.9,,,53.96,50.83,,,285.0,0.4,97.0,,,
SOM,Somalia,2010,12043883.0,2.75,48.17,2.69,1093,2.6,6.0,,,55.62,52.44,20.9,68.8,286.0,0.3,89.8,,,0.0
SOM,Somalia,2019,15008154.0,2.83,46.58,2.87,1535,1.8,5.9,,,58.79,55.41,,,262.0,0.1,79.4,,,0.0
SUR,Suriname,2005,499464.0,1.17,31.32,5.91,2193,3.9,9.8,,6.5,72.36,65.7,,,29.0,1.3,28.0,10.9,,0.8
SUR,Suriname,2010,529131.0,1.14,29.4,6.17,4368,5.2,7.6,,5.5,73.81,67.34,72.5,15.1,46.0,1.4,23.7,8.0,3.1,0.7
SUR,Suriname,2019,575991.0,0.96,27.17,6.91,3807,-0.7,8.0,,6.1,74.94,68.37,,,38.0,1.4,20.3,,,1.2
SSD,South Sudan,2010,9508364.0,3.93,43.52,3.33,15206,-1.8,12.1,,,56.05,53.58,24.0,68.8,,2.4,78.6,,,
SSD,South Sudan,2019,10975920.0,0.6,41.82,3.4,5694,1.3,11.5,1,,59.14,56.12,,,146.0,2.5,65.8,,,
STP,Sao Tome and Principe,2005,157472.0,2.4,44.0,3.33,126,7.1,16.5,5.3,11.2,66.76,62.52,,,151.0,,56.1,9.4,,0.5
STP,Sao Tome and Principe,2010,180371.0,2.52,43.41,3.0,197,6.7,14.6,9.7,6.8,69.67,65.17,48.8,41.7,117.0,,42.1,14.6,,
STP,Sao Tome and Principe,2019,211028.0,1.88,42.52,2.93,393,3.9,13.5,4.9,6.0,72.58,67.78,,,124.0,,32.1,,,0.3
SLV,El Salvador,2005,6052123.0,0.47,34.77,6.32,14698,3.6,7.2,3.2,7.2,74.63,65.49,,,37.0,0.7,23.6,10.5,0.9,1.7
SLV,El Salvador,2010,6183875.0,0.42,31.64,7.07,18448,1.4,4.9,4.0,6.9,75.71,66.48,69.2,11.8,34.0,0.7,21.6,12.4,1.0,1.9
SLV,El Salvador,2019,6420744.0,0.51,27.13,8.29,24805,2.3,4.6,3.8,7.0,77.64,68.23,,,70.0,0.6,17.7,,,1.6
SYR,Syrian Arab Republic,2005,18361176.0,2.95,39.33,3.35,28397,6.2,9.2,5.4,4.1,76.77,72.3,,,29.0,0.1,17.7,,1.3,1.5
SYR,Syrian Arab Republic,2010,21362529.0,0.74,37.39,3.41,60465,3.4,8.6,5.1,3.3,76.78,68.11,81.4,10.1,21.0,0.1,15.0,,1.5,1.5
SYR,Syrian Arab Republic,2019,16906283.0,-0.95,31.42,4.5,15183,1.9,14.9,,3.6,77.76,66.58,,,19.0,0.1,17.9,,,1.2
SWZ,Eswatini,2005,1030579.0,0.42,41.33,3.29,3178,6.0,22.1,6.5,5.6,44.6,40.66,,,1060.0,26.3,86.3,17.0,,0.2
SWZ,Eswatini,2010,1064837.0,0.69,40.19,3.67,4439,3.8,27.8,6.1,8.4,49.19,44.37,27.0,65.8,1190.0,27.4,74.2,23.2,,0.1
SWZ,Eswatini,2019,1136191.0,1.01,38.11,4.01,4409,2.0,26.5,7.1,7.7,63.97,55.28,,,329.0,27.3,51.6,,,0.1
TCD,Chad,2005,10096633.0,3.65,49.15,2.7,6681,7.9,5.7,1.7,4.8,49.73,47.38,,,151.0,1.5,108.3,39.2,0.4,0.0
TCD,Chad,2010,11952136.0,3.33,48.77,2.55,10970,15.0,5.8,2.0,4.1,52.19,49.6,24.3,67.1,147.0,1.5,97.5,40.0,,0.0
TCD,Chad,2019,15477751.0,3.02,47.13,2.48,10717,-3.1,5.9,2.9,4.5,55.4,52.58,,,142.0,1.3,84.1,,,0.0
TGO,Togo,2005,5611640.0,2.6,42.78,2.77,2281,-4.7,1.9,3.4,3.9,55.33,53.85,,,71.0,3.3,77.3,26.0,0.9,0.0
TGO,Togo,2010,6421679.0,2.7,42.79,2.73,3426,6.1,1.9,4.4,5.9,58.13,56.78,32.2,58.4,76.0,2.9,63.2,21.0,,0.2
TGO,Togo,2019,7889094.0,2.45,41.33,2.87,4786,4.4,1.8,5.1,6.6,61.61,59.89,,,36.0,2.3,55.7,,,0.0
THA,Thailand,2005,65416189.0,0.65,21.29,7.75,189318,4.2,1.4,3.9,3.2,75.62,68.71,,,224.0,1.6,16.7,12.5,2.1,0.3
THA,Thailand,2010,67195028.0,0.49,19.18,8.9,341105,7.5,0.6,3.5,3.4,77.72,70.75,71.4,17.4,181.0,1.5,13.4,9.2,2.1,0.4
THA,Thailand,2019,69428524.0,0.32,17.09,11.9,455303,3.9,1.4,4.1,3.7,80.7,73.23,,,153.0,1.1,10.1,,,0.8
TJK,Tajikistan,2005,6789321.0,1.89,38.03,3.8,2312,6.7,11.2,3.5,5.2,68.32,64.04,,,196.0,0.1,57.2,,5.9,1.9
TJK,Tajikistan,2010,7527394.0,2.18,35.68,3.3,5642,6.5,11.7,4.0,5.7,71.15,66.55,64.0,27.3,128.0,0.2,39.0,,5.0,1.7
TJK,Tajikistan,2019,9100837.0,2.45,36.78,3.02,7146,7.1,10.3,5.2,7.0,73.18,68.73,,,84.0,0.2,34.1,,,1.7
TLS,Timor-Leste,2005,995135.0,2.36,44.66,3.71,1814,35.9,7.2,,1.3,65.56,62.26,,,498.0,,69.0,31.3,,
TLS,Timor-Leste,2010,1093523.0,1.78,42.53,4.04,3999,-1.2,3.3,2.4,1.4,68.79,65.63,44.1,47.1,498.0,,53.3,29.2,5.9,
TLS,Timor-Leste,2019,1267972.0,1.97,37.78,4.32,2955,-8.0,3.5,2.7,4.0,71.38,67.28,,,498.0,,44.9,,,0.7
TKM,Turkmenistan,2005,4754646.0,1.08,32.61,4.59,14176,13.0,3.8,,9.6,68.89,61.26,,,84.0,,62.0,4.8,8.4,4.3
TKM,Turkmenistan,2010,5087213.0,1.57,29.52,4.14,22583,9.2,4.0,,5.0,70.22,63.16,72.1,20.5,79.0,,54.1,4.8,7.6,2.3
TKM,Turkmenistan,2019,5850908.0,1.61,30.82,4.43,37915,6.5,3.3,3,6.6,71.58,64.6,,,46.0,,46.9,,,2.2
TUN,Tunisia,2005,10106771.0,0.84,25.49,7.39,32272,4.0,12.9,6.5,5.4,76.81,71.89,,,26.0,0.1,23.0,5.6,1.8,0.9
TUN,Tunisia,2010,10635244.0,1.04,23.33,7.49,44051,3.0,13.0,6.3,5.9,77.39,72.84,84.4,8.7,28.0,0.1,18.0,4.8,2.1,1.2
TUN,Tunisia,2019,11565204.0,1.15,24.17,8.32,40069,2.0,15.1,6.6,7.0,78.54,74.49,,,35.0,0.1,14.6,,,1.3
TON,Tonga,2005,100905.0,0.68,38.21,5.9,262,1.6,3.1,3.9,4.2,71.41,68.23,,,21.0,,14.4,,,0.3
TON,Tonga,2010,103986.0,0.09,37.41,5.72,374,3.6,1.1,,4.7,72.03,68.08,81.7,12.5,12.0,,14.4,,2.6,0.6
TON,Tonga,2019,103197.0,1.17,35.42,5.95,427,2.7,1.2,,5.3,72.76,68.88,,,10.0,,14.7,,,0.5
TUR,Turkey,2005,67903469.0,1.32,28.6,6.68,501423,9.0,10.6,3.0,4.9,75.95,69.0,,,33.0,,24.7,2.5,2.3,1.5
TUR,Turkey,2010,72326988.0,1.4,26.9,7.21,771877,8.5,10.7,2.8,5.1,77.84,71.2,87.6,5.7,25.0,,16.4,2.5,2.5,1.7
TUR,Turkey,2019,82319724.0,1.49,24.65,8.48,851542,7.4,11.2,4.3,4.3,80.34,74.45,,,16.0,,11.8,,,1.8
TTO,Trinidad and Tobago,2005,1296502.0,0.49,21.85,7.21,15938,6.2,8.0,3.1,4.5,73.39,68.1,,,15.0,,28.8,11.8,2.6,0.8
TTO,Trinidad and Tobago,2010,1328147.0,0.54,20.72,8.3,22062,3.3,5.9,,5.2,74.77,69.22,80.0,9.1,19.0,,28.5,9.6,2.1,1.8
TTO,Trinidad and Tobago,2019,1389858.0,0.42,20.42,10.73,22105,-2.3,5.1,,6.5,76.09,70.75,,,21.0,,26.1,,,2.7
TZA,"Tanzania, United Republic of",2005,38450320.0,2.82,44.76,2.54,18072,7.4,4.4,4.6,6.4,55.87,52.8,,,510.0,5.4,71.0,34.4,,0.0
TZA,"Tanzania, United Republic of",2010,44346525.0,2.91,44.88,2.48,31105,6.4,3.0,4.6,5.3,60.37,56.78,25.8,65.4,426.0,5.0,55.5,34.6,0.7,
TZA,"Tanzania, United Republic of",2019,56318348.0,2.98,44.1,2.6,52090,7.0,2.3,3.5,4.1,66.82,63.17,,,253.0,4.6,46.9,,,0.0
UKR,Ukraine,2005,47105150.0,-0.73,14.62,15.89,89239,3.1,7.2,6.1,6.1,73.97,62.23,,,127.0,0.9,14.8,2.5,8.7,
UKR,Ukraine,2010,45870700.0,-0.4,14.13,15.71,136012,0.3,8.1,7.3,7.0,75.5,65.28,89.5,4.9,110.0,0.9,12.6,2.5,9.4,3.5
UKR,Ukraine,2019,44622516.0,-0.47,15.81,16.43,112154,2.5,8.6,5.0,6.7,76.72,66.69,,,80.0,1.0,8.8,,,3
UGA,Uganda,2005,27684585.0,3.17,49.67,1.97,11158,10.0,1.9,5.0,11.4,53.88,49.45,,,233.0,7.3,79.5,24.1,1.0,0.1
UGA,Uganda,2010,32428167.0,3.19,49.09,1.87,19683,8.2,4.0,2.4,10.5,58.72,55.35,25.3,64.5,210.0,6.8,70.7,30.9,0.5,
UGA,Uganda,2019,42723139.0,3.72,46.93,1.94,27699,5.0,2.3,2.6,6.2,65.17,60.66,,,200.0,5.7,59.0,,,0.1
USA,United States of America (the),2005,295516599.0,0.92,20.88,12.31,13036637,3.5,5.1,,14.5,80.1,75.0,,,5.5,,7.0,2.5,3.2,2.9
USA,United States of America (the),2010,309321666.0,0.83,20.2,12.98,14992052,2.6,9.6,5.4,16.4,81.0,76.2,88.4,5.4,4.2,0.4,6.8,2.5,3.0,2.4
USA,United States of America (the),2019,326687501.0,0.52,18.71,15.81,19485394,2.2,4.1,5,17.1,81.1,76.1,,,3.0,,6.0,,,2.6
URY,Uruguay,2005,3321803.0,0.01,23.69,13.58,17363,7.5,12.2,2.7,8.4,79.48,72.05,,,22.0,0.4,14.5,4.3,2.4,3.7
URY,Uruguay,2010,3359275.0,0.29,22.2,14.0,40285,7.8,7.2,2.9,8.6,80.38,72.93,85.3,8.1,24.0,0.5,11.3,2.5,1.2,3.9
URY,Uruguay,2019,3449299.0,0.37,20.61,14.81,59180,2.7,8.2,4.4,9.1,81.36,73.96,,,33.0,0.6,10.0,,,5.0
UZB,Uzbekistan,2005,26167000.0,1.16,32.6,4.84,14396,7.0,8.3,,5.0,71.66,65.25,,,120.0,0.1,49.4,14.5,5.2,
UZB,Uzbekistan,2010,28562400.0,2.82,29.14,4.51,39526,8.5,8.2,,5.4,72.46,66.94,79.1,14.6,97.0,0.1,40.7,9.0,4.4,2.5
UZB,Uzbekistan,2019,32955400.0,1.73,28.69,4.42,49677,5.2,6.7,6.4,6.3,73.68,69.44,,,70.0,0.2,27.7,,,2.4
VCT,Saint Vincent and the Grenadines,2005,108614.0,0.09,28.55,7.07,551,2.5,18.9,6.4,3.3,73.78,69.04,,,7.4,,19.6,9.1,4.5,0.9
VCT,Saint Vincent and the Grenadines,2010,108255.0,-0.03,25.83,8.23,681,-3.3,18.8,5.1,3.7,74.33,69.49,76.6,16.5,16.0,,19.5,6.7,2.6,0.7
VCT,Saint Vincent and the Grenadines,2019,110210.0,0.35,22.54,9.59,780,0.7,18.2,5.8,3.6,75.01,70.18,,,6.3,,17.4,,,
VEN,Venezuela (Bolivarian Republic of),2005,26432447.0,1.66,31.69,4.97,145514,10.3,11.5,,4.8,76.86,69.1,,,32.0,,17.2,10.5,,1.9
VEN,Venezuela (Bolivarian Republic of),2010,28439940.0,1.45,29.91,5.57,393806,-1.5,8.4,6.9,6.1,77.1,69.4,67.9,11.8,28.0,,14.8,3.1,,
VEN,Venezuela (Bolivarian Republic of),2019,28870195.0,-1.79,27.67,7.27,255093,-14.0,7.7,,3.2,76.07,68.4,,,48.0,,15.0,,,
VNM,Viet Nam,2005,83832661.0,0.92,27.1,6.54,57633,7.5,2.3,,5.1,78.42,69.72,,,266.0,0.3,23.6,18.2,2.6,0.6
VNM,Viet Nam,2010,87967651.0,1.0,23.63,6.49,115932,6.4,2.6,5.1,6.0,78.88,70.72,74.4,14.2,231.0,0.4,19.0,13.6,2.0,0.7
VNM,Viet Nam,2019,95540395.0,0.99,23.17,7.27,223780,6.8,2.1,5.7,5.7,79.44,71.21,,,182.0,0.3,17.9,,,0.8
VUT,Vanuatu,2005,209282.0,2.49,39.68,3.27,395,5.3,5.6,8.4,3.3,69.88,67.02,,,83.0,,23.7,7.0,4.1,0.1
VUT,Vanuatu,2010,236211.0,2.56,38.22,3.9,701,1.6,5.4,5.0,3.4,70.77,67.63,70.8,21.8,69.0,,24.0,5.9,,0.1
VUT,Vanuatu,2019,292680.0,2.48,38.85,3.64,864,3.5,5.2,4.7,3.7,71.99,68.85,,,46.0,,24.3,,,0.2
WSM,Samoa,2005,179727.0,0.63,39.61,4.75,434,5.1,2.1,3.8,4.8,72.94,68.09,,,15.0,,17.0,3.5,1.0,0.3
WSM,Samoa,2010,185949.0,0.75,38.31,4.97,679,4.3,4.8,5.1,5.5,74.03,69.51,77.5,13.4,8.7,,16.6,3.4,,0.3
WSM,Samoa,2019,196130.0,0.4,38.32,4.8,856,-0.4,8.0,4.1,5.5,75.32,71.2,,,6.4,,15.1,,,0.3
YEM,Yemen,2005,20107409.0,2.86,46.06,2.67,19041,5.1,16.0,9.2,5.2,65.09,61.95,,,80.0,0.1,61.6,30.1,0.6,0.3
YEM,Yemen,2010,23154855.0,2.8,42.67,2.66,30907,3.3,17.8,5.2,5.2,67.23,63.93,55.2,32.4,52.0,0.1,48.6,25.7,0.7,0.3
YEM,Yemen,2019,28498687.0,2.36,39.61,2.88,27957,-5.9,14.0,,5.6,67.8,64.42,,,48.0,0.1,43.3,,,0.3
ZAF,South Africa,2005,47880601.0,1.24,30.88,4.61,257772,5.3,23.8,5.1,6.7,55.93,51.1,,,932.0,16.8,53.9,4.4,2.8,0.7
ZAF,South Africa,2010,51216964.0,1.46,29.67,4.75,375348,3.0,24.7,5.7,7.4,60.56,54.91,39.8,52.2,948.0,18.9,48.1,4.4,,0.7
ZAF,South Africa,2019,57779622.0,1.36,29.08,5.32,348872,1.3,27.6,6.1,8.1,67.4,60.46,,,520.0,20.4,32.9,,,0.9
ZMB,Zambia,2005,11856247.0,2.61,47.01,2.24,8332,7.2,10.4,1.7,6.9,50.66,46.4,,,602.0,14.1,88.4,51.1,,0.1
ZMB,Zambia,2010,13605984.0,2.91,47.29,2.08,20265,10.3,13.2,1.1,3.7,57.79,53.48,24.1,67.2,495.0,13.0,64.7,50.0,2.0,0.1
ZMB,Zambia,2019,17351822.0,2.91,44.94,2.1,25868,3.5,7.8,,4.5,66.45,60.53,,,346.0,11.3,53.3,,,0.1
ZWE,Zimbabwe,2005,12076699.0,0.47,41.35,3.11,6223,-4.1,4.5,,,44.96,41.57,,,588.0,19.0,65.0,42.2,,0.2
ZWE,Zimbabwe,2010,12697723.0,1.35,41.61,3.07,10142,12.6,5.3,1.8,11.8,52.24,48.88,24.2,67.2,416.0,15.4,62.7,41.9,,0.1
ZWE,Zimbabwe,2019,14439018.0,1.41,42.4,2.94,18037,3.0,5.0,7.5,9.4,62.6,59.5,,,210.0,12.7,51.2,,,0.1
